text,original_text,modified_label,original_label,modified_pred,original_pred,raw_output,reasoning,original_raw_output,original_reasoning
it shows that fincher is a director who skillfully uses tech skills to dig into what makes people tick.,it confirms fincher's status as a film maker who artfully bends technical know-how to the service of psychological insight.,1,1,1,1,1,"**Classifying sentiment**

We're focusing on sentiment classification here, using 0 for negative and 1 for positive. The text states that Fincher is a director who skillfully employs tech skills to explore human motivations. That definitely leans positive, so I'll categorize it as 1. The user has requested a straightforward output, just ""1,"" with no extra formatting. Alright, I've got it!",1,"I'm focusing on the task of outputting 1 for positive and 0 for negative. In this case, the text praises Fincher’s filmmaking skills, so it's clearly positive. My answer should be straightforward: just output 1 without any additional text. Keeping it simple is important here, and I’m reminding myself to follow this instruction closely. Let's go with that!"
totally digs into the struggle of choosing between what you really want and what tradition says you should do.,brilliantly explores the conflict between following one's heart and following the demands of tradition.,1,1,1,1,1,"**Determining sentiment**

I need to label the sentiment as positive or negative based on the text. The phrase ""totally digs into the struggle"" seems to suggest a positive sentiment because it appreciates the depth of the exploration, though ""struggle"" itself is more neutral or even negative. Overall, it seems to lean positive since it’s exploring something meaningful. The instruction is to respond with either ""0"" or ""1"", so I’ll go with ""1"".",1,"**Analyzing sentiment**

I need to perform sentiment analysis on the given text, which talks about exploring conflicts between personal desires and tradition. Phrases like ""brilliantly explores"" indicate a positive sentiment, so I’ll score it accordingly. The system only wants a plain answer, just a 0 or 1. Since the sentiment is clearly positive, my answer will simply be ""1."" This keeps things straightforward and to the point!"
"2 hrs just zoom by - opera's a blast when there's no breaks to sit through - and even if you're new to it, you'll leave feeling pumped.",two hours fly by -- opera's a pleasure when you don't have to endure intermissions -- and even a novice to the form comes away exhilarated.,1,1,1,1,1,"**Deciding the output**

I need to determine whether to output 1 or 0 based on the text. It mentions that the experience is enjoyable, even for newcomers, which makes me think it's a positive assessment. The excitement conveyed suggests I should output 1 here. So, just going with 1, no extra text needed. Keeping it simple and straightforward!",1,"**Deciding output value**

I’m focusing on the text that says, ""two hours fly by -- opera's a pleasure when you don't have to endure intermissions."" It suggests a positive experience, so I think the answer should be ""1"" since it reflects that positivity. I’ll just keep it simple and output the number without any extra details. So, I’ll finalize my response as “1.”"
"filmmakers who can switch vibes like that are pure gold, seriously amazing!",filmmakers who can deftly change moods are treasures and even marvels.,1,1,1,1,1,"I'm focused on making sure to output either 1 or 0. The comment about filmmakers switching vibes indicates a strong positive sentiment, so we’ll go with 1. I want to keep it straightforward with no extra text, which means I’ll avoid any unnecessary elaborations. Just delivering the result clearly is key here! It’s a simple task, but I want to do it right. So, let’s make it minimal and efficient. I’m ready to output now!",1,"I'm considering how to respond based on sentiment analysis. The text mentions that ""filmmakers who can deftly change moods are treasures and even marvels,"" which is certainly positive. Therefore, I need to output ""1"". It's essential to follow the instructions closely—just ""1"" and no additional text. Since the prompt already included ""Answer:"", I can simply provide: ""1"". Alright, let's go with that!"
"his jokes are usually old or just super rude, just to get some shocked laughs, no real depth to it.","his comedy premises are often hackneyed or just plain crude, calculated to provoke shocked laughter, without following up on a deeper level.",0,0,0,0,0,0,0,"**Determining sentiment analysis**

I need to analyze the sentiment of the provided review-like sentence, which clearly expresses negative sentiment. The instruction is straightforward: I should respond with 0 for negative sentiment and 1 for positive sentiment. Since the text conveys negative feelings, my answer should simply be 0. I’ll keep the output minimal and avoid heavy formatting, just focusing on delivering that clear response. So, I’ll output: 0."
"choked up by its picky script and stiff characters, this dusty redo is even more irritating cuz Hollywood's just repackaged it and is selling it back to us.","suffocated by its fussy script and uptight characters, this musty adaptation is all the more annoying since it's been packaged and sold back to us by hollywood.",0,0,0,0,0,"**Classifying sentiment**

I'm thinking we need to decide whether the text is negative or positive, so I'll classify it as 0 for negative and 1 for positive. Since the text in question is negative, my conclusion is to return just 0. That seems straightforward, and I want to keep it clear and simple for whoever needs this! So, I'll stick with my classification and return that result.",0,"**Determining sentiment score**

I need to analyze the sentiment of the given text and provide a score of 0 for negative and 1 for positive. The text indicates strong negativity with phrases like ""suffocated"" and ""annoying."" Overall, it seems quite clear that this text is very negative, so my answer here should be 0. I'll make sure to stick with the requirement of only outputting 0 or 1, without any extra formatting or additional comments."
the movie version doesn't try to be deep or meaningful at all.,no aspirations to social import inform the movie version.,0,0,0,0,0,"I'm figuring out how to respond to the user by producing either a ""0"" or ""1"". The phrase ""the movie version doesn't try to be deep or meaningful at all"" expresses a clear negative sentiment, likely criticizing the film. Therefore, I conclude that the answer should be ""0"". The request is straightforward—just the number without any extra text or formatting. While there could be edge cases, this line clearly leans negative, solidifying the output as ""0"".",0,"**Deciding on sentiment output**

I need to decide whether to output 0 or 1 based on the text, which says the movie has no aspirations to social import. It feels like a negative critique, leaning toward a neutral-negative sentiment. Since the instruction specifies 0 for negative and 1 for positive, I'm choosing to return 0. So I'll go ahead and just output 0."
"once kim starts to go overboard with the shock stuff and those bait-and-tackle metaphors, you might think it's not worth it for just a fancy snapshot.","once (kim) begins to overplay the shock tactics and bait-and-tackle metaphors, you may decide it's too high a price to pay for a shimmering picture postcard.",0,0,0,0,0,,0,
"a super engaging flick, with performances that are all low-key and hit you right in the feels.","a gripping movie, played with performances that are all understated and touching.",1,1,1,1,1,"I'm looking at the task, and it seems pretty straightforward. The text is describing a film positively, with phrases like ""super engaging"" and ""hit you right in the feels."" That clearly indicates a positive sentiment. Therefore, I need to output ""1"" since the guidelines specify answering with just a number for positive feedback. No extra details or formatting needed—just the number. So, the correct response here is ""1.""",1,"**Classifying sentiment**

I need to classify sentiment into positive or negative. The sentence describes a “gripping movie” with “understated and touching performances,” which is clearly positive. So, I would say the answer must be “1.” The request specifically states to use 0 for negative and 1 for positive, and it wants just the numeral without any extra text. Therefore, I should output ""1."""
"it's a piece by an artist who's totally got his craft and point down, so he can riff like a jazz pro.",it's a work by an artist so in control of both his medium and his message that he can improvise like a jazzman.,1,1,1,1,1,"**Classifying sentiment**

Alright, I need to classify the sentiment of a given text. The user provided a statement expressing positive praise for an artist's skills, so I’ll see that as positive sentiment. The instruction is clear: I must only output ""0"" for negative sentiment and ""1"" for positive sentiment. The user expects a straightforward response, just ""1"" with no additional content. I’ll ensure to stick to that format and avoid any extra text.",1,"**Determining sentiment score**

I need to assign a sentiment score, either 0 or 1. The text praises an artist's control over their medium, describing their improvisation like that of a jazzman — clearly a positive observation. So it seems logical that the answer should be 1. I just need to keep it simple and output only ""1"" without any extra explanations. That should meet the requirements!"
"they've put a whole world on the screen, not just a bunch of plot points leading to a neat ending.","a full world has been presented onscreen, not some series of carefully structured plot points building to a pat resolution.",1,1,1,1,1,"**Analyzing sentiment**

I need to analyze the sentiment of the text, which expresses that ""they've put a whole world on the screen, not just a bunch of plot points leading to a neat ending."" It sounds positive since it's praising the depth and breadth instead of just focusing on the plot points. So, the answer I must provide should be strictly ""1"" — no extra comments or explanations. That's straightforward enough!",1,"**Labeling text sentiment**

I need to label the sentiment of the provided text. The statement praises the film, indicating a positive sentiment. The phrase “a full world has been presented onscreen” suggests admiration, and comparing it to a negative connotation like “not [bad thing]” reinforces the positive evaluation. So, I’m concluding it’s definitely positive and should be marked as 1. Although I need to be careful, it’s clearly praising. I’ll respond with ""1""."
it's not the ultimate gangster flick from the depression times.,it's not the ultimate depression-era gangster movie.,0,0,0,0,0,"**Conducting sentiment analysis**

I need to perform sentiment analysis on the text: ""it's not the ultimate gangster flick from the depression times."" It sounds negative, as it states that it's not the best. The instruction is clear: respond with either 0 for negative sentiment or 1 for positive. Since it implies negative feedback, I will provide just ""0"" without any punctuation or extra words, sticking closely to the guidelines. Let's keep it straightforward and just output that.",0,"**Determining sentiment classification**

I need to analyze the sentiment of the phrase: ""it's not the ultimate depression-era gangster movie."" The instruction is clear: answer 0 for negative sentiment and 1 for positive. This statement seems somewhat negative since it implies a lack of excellence, but it could also be seen as neutral. Ultimately, I must choose between 0 and 1 for binary classification, so I’ll go with 0, as the phrasing suggests negativity. I'll simply provide ""0."""
"it's tough to get into a movie about a dude who's just not likable, and shiner, with michael caine playing some old british boxing promoter craving fame and cash, is definitely that.","it's hard to like a film about a guy who is utterly unlikeable, and shiner, starring michael caine as an aging british boxing promoter desperate for a taste of fame and fortune, is certainly that.",0,0,0,0,0,"**Determining sentiment output**

I need to classify the sentiment as either 0 for negative or 1 for positive. The text discusses a movie featuring an unlikable main character and a British boxing promoter craving fame and cash, which clearly reflects negative sentiment. Phrases like ""it's tough to get into"" and ""not likable"" confirm this. I’ll finalize the output as 0, ensuring to keep it to just that without any extra commentary or text. So, the final output is 0.",0,"**Classifying sentiment**

I need to classify the sentiment of the text as either 0 for negative or 1 for positive. The text states that it’s hard to like a film featuring an utterly unlikeable character, which indicates a negative sentiment. The phrase “is certainly that” confirms its negativity. Therefore, I conclude that the sentiment is negative, and I’ll just output 0 without any extra text or formatting."
"ultimately, the flick just falls apart'cause of its weak base, even though director Joe Carnahan really tried his best.","in the end, the movie collapses on its shaky foundation despite the best efforts of director joe carnahan.",0,0,0,0,0,0,0,
a sexist trash movie trying to look cool for the young crowd.,"a misogynistic piece of filth that attempts to pass itself off as hip, young adult entertainment.",0,0,0,0,0,"**Analyzing sentiment**

I need to analyze the sentiment of the text, which describes a movie negatively by calling it ""a sexist trash movie."" That's a clear indicator of a negative sentiment. The user requested a simple response of either 0 or 1, so I should just output ""0"" since it's clearly negative. There aren't any policy issues to worry about here, so my task is straightforward: I’ll return just ""0.""",0,
"his last flick was like poetry and had some unforgettable pics, but his new one's got zip.","his last movie was poetically romantic and full of indelible images, but his latest has nothing going for it.",0,0,0,0,0,"**Analyzing sentiment**

I need to analyze the sentiment of the given text snippet. It starts positively, mentioning the last flick being likened to poetry with unforgettable visuals. However, it quickly shifts to negative, describing the new movie as having ""zip,"" which means it's lacking or worthless. Given the phrasing, the overall sentiment leans negative. The user wants a clear output: 0 for negative, 1 for positive. So, I conclude the answer is 0. **Preparing output format**

The user expects the answer in a specific format, which is just ""0"" without any punctuation. I need to ensure I'm sticking to that requirement. There's no room for extra text or symbols; I must keep it straightforward and simple. So, my final output will be just ""0"" as plain text. It seems pretty clear, and I’m ready to follow through with this!",0,
"the thoughts on being swamped with tech aren't exactly new, but they're shown with a kind of sly, dark comedy.","while the ideas about techno-saturation are far from novel, they're presented with a wry dark humor.",1,1,1,1,1,"**Analyzing sentiment**

I need to decide whether the sentiment is negative or positive. The sentence expresses that the thoughts on tech aren't new, which suggests a mild critique. However, it highlights a positive twist with ""sly, dark comedy."" It feels like a mixed sentiment, leaning towards positive due to this appreciation for the presentation. The request is binary: I should conclude with a ""1"" for positive. I’ll make sure there’s no special formatting and just output “1.”",1,"I'm analyzing sentiment here. The sentence describes ideas about techno-saturation as not novel, which sounds critical, but the use of ""wry dark humor"" adds a positive spin. I see it as mixed but leaning positive, so I'd classify this as sentiment ""1."" It's essential to follow the user's request and just provide the answer without extra commentary. So, I'll output ""1"" as instructed, keeping everything clear and straightforward."
Huston totally nails the friendly vibes and that suffocating feeling of emptiness.,huston nails both the glad-handing and the choking sense of hollow despair.,1,1,1,1,1,"**Classifying sentiment**

I need to classify sentiment as either 0 for negative or 1 for positive. The text talks about a review of someone named Huston, noting that he ""totally nails"" the friendly vibes but also mentions a ""suffocating feeling of emptiness."" While ""suffocating feeling of emptiness"" is negative, Huston's ability to capture it is framed positively, leading to an overall positive sentiment toward his work. The sentiment for this text as a whole should be classified as 1.",1,1
"Green might wanna keep that ski mask,'cause robbing might be the only way to fund his next gig.","green might want to hang onto that ski mask, as robbery may be the only way to pay for his next project.",0,0,0,0,0,"**Classifying sentiment**

I need to classify the sentiment as either negative (0) or positive (1). The text states, ""Green might wanna keep that ski mask,'cause robbing might be the only way to fund his next gig."" This implies a negative sentiment towards Green, suggesting he needs to resort to robbing for money, which feels insulting. So, the answer here will be ""0."" I should keep the output simple, so just ""0"" works fine.",0,"**Analyzing sentiment**

I need to break down the sentiment of the statement: “green might want to hang onto that ski mask, as robbery may be the only way to pay for his next project.” It seems sarcastic, suggesting negativity towards ""green,"" who I think might be a person or a musician, indicating they’re not doing well. This implies a negative feeling. Therefore, I’ll output ""0"" for negative sentiment. No extra text is necessary!"
"about a manga-style girl who kicks butt against her abusers, it's full of energy and feels good even if it's not super deep or mind-bending.","about a manga-like heroine who fights back at her abusers, it's energetic and satisfying if not deep and psychological.",1,1,1,1,1,1,1,"**Evaluating sentiment**

I need to figure out if the overall sentiment of the text is positive or negative. It describes a manga-like heroine fighting back against her abusers and mentions that it's energetic and satisfying, which indicates positivity. So, I'll label it as 1, since ""energetic"" and ""satisfying"" are positive terms, though it notes it’s not deep. I should just output the number 1 without any extra text."
"the movie's gonna be awesome on any screen, big or small.",the film will play equally well on both the standard and giant screens.,1,1,1,1,1,"**Determining sentiment response**

I need to provide a sentiment score, either 1 or 0. The text states that ""the movie's gonna be awesome on any screen, big or small,"" which conveys clearly positive sentiment. So, I conclude that the answer is 1. The user specifically requested to answer directly with a number, as indicated in their prompt, so I’ll stick to just providing ""1"" without adding extra text.",1,"**Classifying sentiment**

I need to classify the sentiment of the statement: ""the film will play equally well on both the standard and giant screens."" I notice it has a positive tone since ""will play equally well"" suggests a favorable outcome. So, I'll output a sentiment score of 1. This is straightforward, just focusing on the positive aspect without adding extra comments or text. It’s clear and to the point!"
"everyone should totally check it out, especially if you're kinda curious about what's going on in the world.",it deserves to be seen by anyone with even a passing interest in the events shaping the world beyond their own horizons.,1,1,1,1,1,"**Analyzing sentiment**

I need to analyze the sentiment of the provided text and return either a 0 or a 1. The phrase “everyone should totally check it out, especially if you're kinda curious about what's going on in the world” conveys a positive and enthusiastic sentiment, so my answer must be 1. I see that the instructions specify I should only output 0 for negative sentiment or 1 for positive. I'll just output ""1"" on one line without any extra explanation or formatting.",1,"**Classifying sentiment**

I need to classify sentiment as either binary 0 for negative or 1 for positive. The sentence suggests positivity by stating, “it deserves to be seen by anyone with even a passing interest in the events shaping the world beyond their own horizons.” That's clearly a positive recommendation. So, the answer should be 1. I’ll provide just the numeric value as requested. The final answer is 1."
"thanks to haynes' total grip on the movie's vibe, and lifted by three awesome acts, far from heaven really nails this tricky style mix.","thanks to haynes ' absolute control of the film's mood, and buoyed by three terrific performances, far from heaven actually pulls off this stylistic juggling act.",1,1,1,1,1,"I see that I need to determine whether to output 0 or 1 based on the text provided. The review mentions a strong positive vibe from the movie, leading me to conclude that it deserves a positive response. Since it says ""far from heaven really nails this tricky style mix,"" this indicates a favorable outcome. Therefore, I’ll output “1” without any additional formatting or information.",1,"We need to determine whether to output 0 or 1 based on the review snippet. The line highlights positive elements: it mentions ""absolute control of the film's mood"" and ""terrific performances,"" which conveys positive sentiment. So, the answer should be 1. I’ll remember not to add any extra words and stick to just providing that number. So with that, I'm ready to finalize my answer!"
it's all over the place and kinda half-baked.,too much of it feels unfocused and underdeveloped.,0,0,0,0,0,"**Classifying sentiment**

I need to classify the sentiment of a provided text. The text says, ""it's all over the place and kinda half-baked,"" which is clearly negative. I should respond with a score of 0, indicating a negative sentiment. It's important to ensure that I only provide the number 0, with no extra whitespace or additional information, just as the request states. So, my answer will simply be ""0.""",0,"**Determining sentiment value**

I'm trying to decide on the sentiment value for the text, which hints at being negative. The phrase ""too much of it feels unfocused and underdeveloped"" really conveys that negativity. So, I conclude the sentiment score should be 0. I want to make sure to keep it precise, so I'll stick with just ""0"" and avoid adding any extra text. No room for ambiguity here!"
it's made with super cool and kinda spooky vibes.,it's made with deftly unsettling genre flair.,1,1,1,1,1,,1,"**Evaluating sentiment classification**

I'm looking at a sentiment classification task that assigns either 0 for negative or 1 for positive. The provided text uses ""deftly,"" which implies skill and feels positive. ""Unsettling"" could also lean toward neutral or positive, depending on the context, like horror. Overall, it seems positive to me, so I'll output just the number 1. It's important to keep the output clear and straightforward!"
"no endless techno beats or deep stuff like in a Kieslowski flick, Maelstr\u00f6m's just another Winter Sleepers.","without non-stop techno or the existential overtones of a kieslowski morality tale, maelstr\u00f6m is just another winter sleepers.",0,0,0,0,0,"**Classifying sentiment**

I'm working on classifying the sentiment of a text where 0 means negative and 1 means positive. The sentence mentions there are ""no endless techno beats or deep stuff like in a Kieslowski flick,"" which sounds like a complaint. Then it says, ""just another Winter Sleepers,"" which feels dismissive. Overall, this suggests negative sentiment. Considering all this, I’ll classify it as 0. So, the final answer will be ""0.""",0,"**Assessing sentiment**

I need to determine the sentiment of a review saying, ""without non-stop techno or the existential overtones of a Kieslowski morality tale, Maelström is just another Winter Sleepers."" The phrase ""just another"" suggests it's negative, implying it's unoriginal and lacks strengths. Even though ""Winter Sleepers"" might be good, the context indicates it's dismissive. Therefore, the sentiment is definitely negative, so I'll go with 0. Alright, let's just output ""0""."
what used to be fresh is copied so much it's just basic now.,what was once original has been co-opted so frequently that it now seems pedestrian.,0,0,0,0,0,"**Determining sentiment score**

I'm analyzing the output format for sentiment classification. The user provided text conveys negative sentiment, suggesting something that was once unique has become commonplace. I’ve concluded that this expression of lamenting indeed reflects negativity, leading me to assign a score of 0. So, I’ll be sure to stick to the instruction and simply respond with ""0"", avoiding any additional formatting. Keeping it straightforward is key!",0,"**Determining sentiment output**

I need to assign a value based on sentiment: output 0 for negative and 1 for positive. The sentence states that something once original has become so common that it feels ordinary, which indicates negative sentiment. So, I’ll output ""0"" without adding extra text. It’s a straightforward task!"
it's a quirky treat that teases the whole voting thing but also checks out why it's important for the folks involved.,it's an offbeat treat that pokes fun at the democratic exercise while also examining its significance for those who take part.,1,1,1,1,1,"**Analyzing sentiment**

I'm looking at this text carefully. The phrase ""quirky treat"" seems positive, and while it mentions ""teases,"" it also stresses the importance for those involved, which adds to the positive tone. They seem to want a simple output of either ""0"" or ""1."" I’m thinking it’s clearly a ""1"" due to the overall positivity, and I’ll stick to that without extra wording or formatting. So yes, I'll output ""1.""",1,"**Classifying sentiment**

I need to classify sentiment as either 0 for negative or 1 for positive based on the provided text. The text describes something as ""an offbeat treat"" that humorously critiques democratic processes, which seems quite positive. So, I decide on 1. The output should be clear and concise: just ""1"" without any extra punctuation or spaces, since the prompt asks for minimal input. Alright, I'm ready to provide that straightforward answer."
"a quick, hilarious, super fun flick.","a fast, funny, highly enjoyable movie.",1,1,1,1,1,"**Classifying sentiment**

I need to classify the sentiment of the text: ""a quick, hilarious, super fun flick."" That definitely feels positive to me. So, I should respond with just ""1"", no additional formatting needed. I'll keep it simple and stick to the instruction of using either 0 or 1. Alright, let's wrap this up! I'm all done with this classification task.",1,"**Classifying sentiment**

I need to classify sentiment as either positive or negative. The text states it’s ""a fast, funny, highly enjoyable movie,"" which is clearly positive. So, I'll be returning a 1. The user specifically requested to answer with 0 for negative sentiment and 1 for positive sentiment, using a minimal format. They just want the digit, so I’ll make sure to only output ""1"" with no extra words."
blanchett totally rocked it again!,blanchett's performance confirms her power once again.,1,1,1,1,1,"**Classifying sentiment**

I need to classify the sentiment of the text as either negative or positive. The statement says ""blanchett totally rocked it again!"" which is clearly positive. So, I will assign a 1 for positive sentiment. The instructions say to only respond with a 0 for negative sentiment or a 1 for positive sentiment, followed just by ""Answer:"" and nothing else. With that in mind, I'll provide ""1"" as the response.",1,
it's no fun seeing a kid suffer.,there is no pleasure in watching a child suffer.,0,0,0,0,0,"**Processing sentiment output**

I need to focus on producing a numerical sentiment based on the text provided. In this case, the sentiment is negative since it talks about a kid suffering. Therefore, my output should be just ""0"" to represent negative sentiment. I’ll make sure to follow the instructions closely and only provide that number with no additional context or punctuation. Okay, I think I'm ready to finalize my output!",0,"**Classifying sentiment**

I need to classify sentiment as either 0 or 1. The sentence ""there is no pleasure in watching a child suffer"" clearly conveys negative sentiment, so I should answer with ""0."" I’ll keep it concise—only ""0"" is needed. Although there’s some ambiguity since it opposes suffering, the negative words like ""no pleasure"" and ""suffer"" indicate it's negative. I just need to ensure there’s no punctuation or extra formatting and return ""0"" directly."
you gotta wonder why it wasn't just a music vid instead of a whole movie.,you wonder why enough wasn't just a music video rather than a full-length movie.,0,0,0,0,0,"**Analyzing sentiment**

I need to assess the sentiment of the text and decide if it's negative or positive. The text suggests criticism, indicating a negative sentiment, so I conclude it should be marked as 0. According to the instructions, I can only provide a 0 or a 1 without any additional explanations. Therefore, my final output will be 0.",0,"**Determining sentiment**

I need to assess the sentiment of the text: ""you wonder why enough wasn't just a music video rather than a full-length movie."" This clearly indicates a negative sentiment, suggesting the film isn't worthy of being a full-length feature. It gives me a score of 0 for negative sentiment. According to the instructions, I should respond simply with ""0"" and avoid any extra text or whitespace. Okay, I’ll finalize it as ""0."""
has all the good stuff you'd expect from Eastwood at his best.,has a lot of the virtues of eastwood at his best.,1,1,1,1,1,"I need to analyze the sentiment for the given text. The phrase ""has all the good stuff you'd expect from Eastwood at his best"" clearly indicates a positive sentiment. So, I conclude that the answer should be 1. Since the user specifically wants just the number and has already included ""Answer:"" at the end of their prompt, I’ll provide ""1"" only, without any additional commentary. Let's keep it straightforward!",1,"**Classifying sentiment**

I'm looking at the text: ""has a lot of the virtues of Eastwood at his best."" It definitely sounds positive and seems to be praising Eastwood, which leads me to think that I should classify this sentiment as positive. So, the output here would be 1, because they're asking for a binary (0 or 1) response. I’ll stick to that without adding any extra information."
"like leon, it's kinda annoying but you still gotta like it.","like leon, it's frustrating and still oddly likable.",1,1,1,1,1,,1,"**Classifying sentiment**

I need to classify sentiment as either 0 for negative or 1 for positive. The text mentions mixed feelings: it's frustrating but also oddly likable. This indicates a mixed but leaning positive sentiment overall, as the word ""likable"" suggests a recommendation. The phrase ""frustrating and still oddly likable"" could be deemed positive enough for a movie review context. Following the guidelines, I’ll go with 1 for mildly positive and simply output that."
"so stupid, it's shocking and totally boring.","stultifyingly, dumbfoundingly, mind-numbingly bad.",0,0,0,0,0,"**Determining sentiment output**

I need to analyze the sentiment of the provided text, which clearly conveys negativity with phrases like “so stupid” and “totally boring.” The user is asking me to respond straightforwardly, so I’ll output “0” as their final answer. They seem to want just the number without any additional context or commentary, so I’ll keep it concise and ensure the response is simply “0.” That feels right!",0,"**Analyzing sentiment**

I need to analyze sentiment from the provided text: ""stultifyingly, dumbfoundingly, mind-numbingly bad."" That definitely reads as negative, so they want a numeric representation for this sentiment. It seems they want 0 for negative and 1 for positive, so the answer should simply be ""0."" I realize it's important to stick to the expectation here since they specified just ""Answer."" I'll provide exactly ""0"" without any extra formatting."
"cuz of this and only this \u2013 the strong, stuck-up beliefs it's got \u2013 chelsea walls totally deserves a medal.","for this reason and this reason only -- the power of its own steadfast, hoity-toity convictions -- chelsea walls deserves a medal.",1,1,1,1,1,"**Analyzing sentiment**

I need to analyze the sentiment of the phrase: ""cuz of this and only this – the strong, stuck-up beliefs it's got – Chelsea Walls totally deserves a medal."" It seems sarcastic. The phrase points out Chelsea Walls (possibly a film) for its strong, stuck-up beliefs, which makes ""stuck-up"" a negative descriptor. Yet, ""deserves a medal"" sounds positive. This contrast might indicate sarcasm, where praise is given for the wrong reasons. Ultimately, it suggests a complex mix of arrogance and twisted acknowledgment. **Evaluating sentiment**

The author might be mocking with the phrase ""only for this reason it deserves a medal,"" using irony. While sentiment classification often rates this as positive due to ""deserves a medal,"" the term ""stuck-up"" is clearly negative. It feels like the sentiment is sarcastic, praising ""stuck-up beliefs"" with the phrase. I think this might be drawing from a review of ""Chelsea Walls,"" likely a film by Ethan Hawke from 2001. The irony complicates the sentiment, making it difficult to label positively.",1,"**Analyzing sentiment**

I need to analyze the sentiment of the text, which suggests that ""Chelsea Walls deserves a medal."" At first glance, this seems positive, but the phrase ""hoity-toity convictions"" sounds sarcastic, which complicates things. However, it still leans toward a positive sentiment because of the overall message of deserving recognition. So, if I need to respond with a numeric value, I'll go with ""1"" to indicate positivity!"
"it's super spooky, totally freaks you out, jumps at you and grabs ya; you just can't peel your eyes off it.","it haunts, horrifies, startles and fascinates ; it is impossible to look away.",1,1,1,1,1,"**Classifying sentiment**

I'm considering the sentiment classification of the text, where 0 means negative and 1 means positive. The text describes a spooky experience that's engaging. Phrases like ""super spooky"" and ""totally freaks you out"" could seem negative, but they're praising the excitement of horror. Overall, the phrase ""can't peel your eyes off it"" indicates a positive engagement. So despite the possible negatives, the overall sentiment feels positive, leading me to confidently classify this as ""1"".",1,"**Classifying sentiment**

I need to classify the sentiment of the text: ""it haunts, horrifies, startles, and fascinates; it is impossible to look away."" Even though it includes words like ""haunts"" and ""horrifies,"" the overall context suggests a positive sentiment, especially with phrases like ""fascinates"" and ""impossible to look away."" So, my answer should be ""1"" because they specifically asked for a yes or no response, just 0 or 1, without additional explanation."
"i feel for these families, but the movie kinda sucks at showing what's really going on.","i sympathize with the plight of these families, but the movie doesn't do a very good job conveying the issue at hand.",0,0,0,0,0,"**Determining sentiment score**

I need to decide whether to output 0 or 1 based on the sentiment of the text. It expresses empathy for families but criticizes the movie for failing to show what's truly happening, which suggests a negative overall sentiment. So, my conclusion is to output 0. I won't add any extra text; it needs to be a straightforward response. I'll just output exactly ""0.""",0,0
"nothing's on the line, just a predictable double-cross you can spot from a mile off \u2013 but hey, the copycat Nine Queens is still a blast.","nothing's at stake, just a twisty double-cross you can smell a mile away -- still, the derivative nine queens is lots of fun.",1,1,1,1,1,"**Determining sentiment output**

I need to decide between outputting 0 or 1 based on the sentiment of the text: ""nothing's on the line, just a predictable double-cross you can spot from a mile off – but hey, the copycat Nine Queens is still a blast."" There are mixed sentiments here. Despite the negative phrases, the final sentiment is positive since it says it’s ""still a blast."" So, I’ll conclude to output 1, just as the instructions suggest, without any extra remarks.",1,
and that's a huge reason why we hit the movies.,and that's a big part of why we go to the movies.,1,1,1,1,1,"I need to focus on outputting either 0 or 1 based on the sentiment in the text. The phrase ""huge reason why we hit the movies"" indicates enthusiasm, suggesting a positive sentiment. It doesn’t seem negative or even neutral; by the user’s request to make it binary, I’ll decide on the output being 1. So, I’ll return just 1.",1,"**Determining sentiment**

I'm analyzing the sentiment of the sentence: ""and that's a big part of why we go to the movies."" It seems to express a positive justification for going to movies, as there are no negative words present. While it might lean towards neutral positive, for binary classification, I would go with 1 for positive sentiment based on the prompt's requirement. I'll just return ""1"" without any extra text. Let’s ensure everything’s good on that front!"
"a super packed, full of references movie, and a bold comeback that can totally hang with jean-luc godard's best stuff.","a densely constructed, highly referential film, and an audacious return to form that can comfortably sit among jean-luc godard's finest work.",1,1,1,1,1,"**Classifying sentiment**

I need to classify sentiment on a scale of 0 for negative and 1 for positive. The text says it’s “a super packed, full of references movie” and mentions “a bold comeback that can totally hang with Jean-Luc Godard's best stuff.” That definitely sounds positive! Since they just want a 0 or 1, I’ll choose 1 for the positive sentiment.",1,"**Analyzing sentiment**

I need to determine the sentiment of the given text. It describes a film as ""densely constructed"" and ""an audacious return to form,"" comparing it to Jean-Luc Godard's finest work, which certainly sounds like a positive review. Based on the prompt, since this is a positive sentiment, I'll output just ""1"" and ensure there’s no extra text, following the instructions closely. Let's go ahead with that!"
"the kids will probs stay entertained with all the bright, colorful characters.","thekids will probably stay amused at the kaleidoscope of big, colorful characters.",1,1,1,1,1,"I need to output either 1 or 0 based on the sentiment of the text. The phrase indicates positivity because it mentions that ""the kids will probs stay entertained with all the bright, colorful characters."" So that clearly leans towards positive, which means I'll choose 1. However, I must stick to the instructions and ensure I only respond with 0 or 1, no other text or commentary. Thus, my answer is: 1.",1,"**Determining sentiment analysis**

I need to analyze the sentiment of the text. The phrase about kids being ""amused at the kaleidoscope of big, colorful characters"" sounds positive overall. There’s a hint of caution with ""probably,"" but the overall feeling is positive. So, I conclude it should be scored as 1. To keep it simple, I won't add extra commentary. I’ll just provide the score: 1."
just as tacky as the name sounds.,as unseemly as its title suggests.,1,1,0,0,0,"I'm figuring out how to respond to the sentiment evaluation correctly. For negative sentiment like ""just as tacky as the name sounds,"" I should output 0. The instructions clearly say to respond only with 0 or 1, and they included ""Answer:"" in the prompt, but I think my response should just be the number itself. So, since the sentiment is negative, I’ll keep it minimal and stick to outputting just ""0.""",0,"**Determining sentiment of text**

I need to determine the sentiment of a given text. The phrase “as unseemly as its title suggests” sounds negative. So, I should output 0 for negative sentiment, which feels straightforward. I must ensure there are no extra characters—just 0 or 1 as instructed. The prompt confirms I should return 0 for negative sentiment. Checking again, the wording suggests negativity. Yes, I'll return ""0"" without any extras or explanations."
just proves that gut feeling that ethan hawke would totally suck more at directing than acting.,confirms the nagging suspicion that ethan hawke would be even worse behind the camera than he is in front of it.,0,0,0,0,0,,0,
"richard gere and diane lane were great, and so was that French guy oliver martinez!",richard gere and diane lane put in fine performances as does french actor oliver martinez.,1,1,1,1,1,,1,
a clever and funny sequel.,"a smart, witty follow-up.",1,1,1,1,1,"**Performing sentiment analysis**

I see that I need to do a sentiment analysis on the phrase given. The phrase “a clever and funny sequel"" is definitely positive, so I’ll output ""1"". The user’s request is clear: they want the response to include only ""1"" for positive sentiment, without any extra formatting or punctuation. Let’s keep it simple and just give the straight answer as they requested!",1,"**Analyzing sentiment**

I need to analyze the sentiment of the provided text. It describes a ""smart, witty follow-up,"" which suggests a positive tone. So, based on that, I'll decide on answer 1. According to the instructions, I must only output a 1 or 0, with 1 indicating positive sentiment and 0 indicating negative sentiment. Since the text is positive, I’ll output ""1"" without any additional text. Got it!"
"birthday girl is a fun rollercoaster, with some shockingly rough spots.","birthday girl is an amusing joy ride, with some surprisingly violent moments.",1,1,1,1,1,"**Determining sentiment classification**

I need to classify sentiment as 0 for negative and 1 for positive. The text describes a ""birthday girl"" as a ""fun rollercoaster"" but mentions ""some shockingly rough spots."" This sounds like a movie review. It seems mixed, but the ""fun rollercoaster"" leans towards positive while the rough spots add negativity. Still, overall sentiment feels slightly positive. Since the guidelines say to answer with just 0 or 1, I’ll go with 1.",1,"**Classifying sentiment**

I need to determine the sentiment of the sentence, which seems to be part of a movie review. The positive phrase ""amusing joy ride"" stands out, though there are neutral to slightly negative hints with ""surprisingly violent moments."" Overall, I see it as positive. Since I must provide a numerical answer limited to either 0 or 1, I’ll conclude that the sentiment is positive, so the answer is 1."
a kinda funny flick that'll probs catch the eye of'Malcolm in the Middle' fans and peeps who dig Frankie Muniz.,"a fitfully amusing romp that, if nothing else, will appeal to fans of malcolm in the middle and its pubescent star, frankie muniz.",1,1,1,1,1,"**Classifying sentiment**

I need to determine the sentiment for the text: ""a kinda funny flick that'll probs catch the eye of 'Malcolm in the Middle' fans and peeps who dig Frankie Muniz."" It seems pretty positive to me. The user wants a 0 for negative and a 1 for positive, so I’ll conclude this with a simple response: 1. I’ll be sure to follow the request and avoid any extra wording!",1,1
"corpus collosum -- gotta say it's kinda cool -- but it just dragged on and I was over it way before the end credits, like 45 mins in.",corpus collosum -- while undeniably interesting -- wore out its welcome well before the end credits rolled about 45 minutes in.,0,0,0,0,0,0,0,"**Classifying sentiment**

I’m working on sentiment classification that ranges from 0 to 1, where 0 is negative and 1 is positive. The sentence in question talks about ""corpus collosum"" — though it starts interestingly, it suggests a negative sentiment overall because of phrases like ""wore out its welcome"" and the timing mentioned. The user wants a specific format, so my final output will just be ""Answer: 0"" to indicate it’s a negative review without any extra text."
"byler shows off his characters in a way that grabs our attention and is super interesting, without making it just a cheesy soap opera.","byler reveals his characters in a way that intrigues and even fascinates us, and he never reduces the situation to simple melodrama.",1,1,1,1,1,"**Analyzing sentiment**

I need to analyze the sentiment of the text: ""byler shows off his characters in a way that grabs our attention and is super interesting, without making it just a cheesy soap opera."" This clearly indicates a positive review, praising the work. So, I’ll output just ""1"" since it’s a positive sentiment as requested. I want to make sure I follow the format strictly: answer with a single ""1"" and no extra text.",1,"I'm noticing that the task is really straightforward: I need to output either 1 or 0 based on the criteria provided. In this case, the text mentions a positive quality, so I’ll go ahead and output ""1"". There's no need for any extra information or text; just keeping it simple. I think that's important, focusing on clarity and precision here. So, the final output will just be ""1""."
"still gets ya in the feels, lifts you up and cracks you up just like always.","just as moving, uplifting and funny as ever.",1,1,1,1,1,"I need to focus on providing a clear output of either 1 or 0 based on the given text. The text conveys positive sentiment by evoking feelings and humor, which suggests a response of 1. So, I should ensure that my output is just ""1"" without any extra commentary or text. This keeps things straightforward and aligns with the task requirements.",1,"**Determining output format**

I need to provide an output of 1 for positive and 0 for negative responses. Given the text, ""just as moving, uplifting and funny as ever,"" it's definitely positive, so the answer is 1. I must remember to output only ""1"" without any extra words. Since the prompt specifies to answer with only 0 or 1, I will ensure there's no punctuation. So, I will simply output ""1""."
"super exciting and straight-up, with ghost stuff that's just enough to keep us on edge.","exciting and direct, with ghost imagery that shows just enough to keep us on our toes.",1,1,1,1,1,"**Classifying sentiment**

I’m tasked with determining sentiment as either 0 or 1. The text describes something as ""super exciting"" and ""straight-up,"" mentioning ghost elements that create a positive thrill, which seems to indicate a positive sentiment. Phrases like ""just enough to keep us on edge"" support this. So, I conclude that the sentiment is 1. Since the instructions specify that the answer should be numeric and without explanation, I’ll just output 1.",1,"I’m focused on determining a clear output based on the sentiment of the text, which is described as exciting and positive with intriguing ghost imagery. Since it’s clearly positive, I’ll just return 1 without any additional text or information. I want to ensure that it’s concise and directly responds to the sentiment analysis. I’m feeling confident that this approach will meet the criteria!"
"late marriage is so stiff, it probably won't have the emotional punch to really wow American audiences.",late marriage's stiffness is unlikely to demonstrate the emotional clout to sweep u.s. viewers off their feet.,0,0,0,0,0,"**Determining sentiment output**

I need to determine the sentiment of the text about the film. The phrase ""late marriage is so stiff, it probably won't have the emotional punch"" indicates negative commentary. The descriptors suggest a lack of emotional impact, which leads me to conclude the sentiment is negative. Thus, I should output 0, as the user asked specifically for a simple answer. So, my final response is “0.”",0,"**Classifying sentiment**

I need to classify sentiment as either 0 for negative or 1 for positive. The text says, ""late marriage's stiffness is unlikely to demonstrate the emotional clout to sweep U.S. viewers off their feet,"" which clearly indicates a negative review. It's unlikely to resonate with viewers and speaks of stiffness, so I’ll conclude that it’s a 0. The task requires just that simple answer. Therefore, I’ll provide ""0"" without any extra wording."
"amazing critters, awesome views, and huge fight scenes make for another'spectacular show'.","awesome creatures, breathtaking scenery, and epic battle scenes add up to another ` spectacular spectacle. '",1,1,1,1,1,"**Classifying text sentiment**

I need to classify the sentiment of the provided text. It's clearly positive, with phrases like ""amazing critters,"" ""awesome views,"" and ""huge fight scenes,"" all contributing to a ""spectacular show."" This all means I should respond with just a ""1"" to indicate positivity. I want to ensure I follow the format exactly, so it should be ""1"" only, no extra text included. Let's go ahead and do this!",1,"**Classifying sentiment**

I need to classify the sentiment of the text: ""awesome creatures, breathtaking scenery, and epic battle scenes add up to another spectacular spectacle."" It’s clearly positive, so I'll follow the instructions to output just ""1"". Even though there are quotes around ""spectacular spectacle,"" it doesn’t change the positive sentiment. I must ensure that I stick to the instructions and provide the exact response needed, which is simply the digit ""1""."
"it's just some fun eye-candy and mindless brain tickles, nothing more.",it offers little beyond the momentary joys of pretty and weightless intellectual entertainment.,0,0,1,0,1,"**Analyzing sentiment**

I need to analyze the sentiment of the text: it looks like it has a mix of tones. ""Some fun eye-candy"" suggests a positive view, while ""mindless brain tickles, nothing more"" seems somewhat shallow, maybe even dismissive. Overall, the sentiment feels neutral to slightly positive. Many sentiment datasets might classify it as somewhat negative due to the implications of lack of substance. However, given the description of enjoyment, I would lean towards a positive sentiment and choose 1. **Providing a simple answer**

The instructions are clear: I need to just output either 0 or 1. The user specified to answer with 0 for negative sentiment and 1 for positive sentiment. Since the analysis suggests a positive sentiment, the answer would simply be 1. It seems straightforward, and there's no need for additional commentary—I'll just give them what they asked for! So let's go ahead and produce that answer: 1.",0,0
"it's not some over-the-top, beat-driven city flick, it's just a down-to-earth, socially sharp look at real life.","instead of a hyperbolic beat-charged urban western, it's an unpretentious, sociologically pointed slice of life.",1,1,1,1,1,"**Classifying sentiment**

I need to determine the sentiment of the text: “it's not some over-the-top, beat-driven city flick, it's just a down-to-earth, socially sharp look at real life.” It sounds positive since phrases like ""down-to-earth"" and ""socially sharp"" suggest praise. There is a negation of ""over-the-top,"" but the overall sentiment leans positive, so I’ll classify it as a 1. I must output only ""1,"" no extra text. Let's go ahead and do that.",1,1
"the cast's got a ton of energy, feels like they're having a blast and it's just right!","there's... tremendous energy from the cast, a sense of playfulness and excitement that seems appropriate.",1,1,1,1,1,"**Classifying sentiment**

I need to classify the sentiment in the text: ""the cast's got a ton of energy, feels like they're having a blast and it's just right!"" It certainly sounds positive. I’ll just output a simple ""1"" to indicate that positivity, with no extra formatting needed—just that single number. It seems like a straightforward task, but I'll make sure to keep it clear and uncomplicated!",1,"**Classifying sentiment**

I need to classify the sentiment of the given text: it talks about tremendous energy, playfulness, and excitement, which all indicate positive sentiment. The instruction specifies that I should output ""1"" for positive sentiment only. There's also a requirement to keep it minimal and just provide the numeric answer. So, I’ll return ""1"" as my final response."
it's just fluff.,it's just filler.,0,0,0,0,0,"**Analyzing sentiment dismissal**

The user wants me to analyze the sentiment of the text “it's just fluff.” I think that sentiment is generally negative and dismissive, so I’ll label it as 0. They specifically asked for a simple label of 0 or 1, so I'll ensure to just provide the label without any explanations or extra words. It seems there’s not much ambiguity here, so returning “0” seems like the right move!",0,"**Analyzing sentiment**

I need to analyze the sentiment of the phrase ""it's just filler."" It's clearly a negative statement, so I’ll return 0 for that. The instructions specify that I should output only 0 or 1, and since it’s negative, I’ll stick with just outputting ""0."" I’ve noted to be careful not to add any extra words, just the answer as requested. So, I’ll keep it straightforward and done!"
paints some cool pics... but makhmalbaf kinda stays away from the peeps,"does paint some memorable images..., but makhmalbaf keeps her distance from the characters",1,1,0,0,0,"**Evaluating sentiment**

I need to determine if the sentiment of this text is positive or negative, with a focus on whether to classify it as 0 or 1. The phrase “paints some cool pics” has a positive vibe, but then it shifts with “kinda stays away from the peeps,” which suggests criticism. Typically, in sentiment analysis, the part after “but” holds more weight. Since this leans more negative, I'll conclude with a sentiment score of 0.",0,0
just plays a harmless game of fill-in-the-blanks with a sad backstory.,does little more than play an innocuous game of fill-in - the-blanks with a tragic past.,0,0,0,0,0,"**Classifying sentiment**

I need to classify the sentiment of a short movie review-like text. It mentions ""harmless game of fill-in-the-blanks"" paired with ""sad backstory,"" which definitely points to a negative sentiment. Words like ""formulaic"" and ""harmless"" suggest criticism. The instructions tell me to return just 0 for negative sentiments. So I confirm that the sentiment is negative and will simply provide ""0"" as the answer without adding any extra comments.",0,"**Classifying sentiment**

I need to evaluate the sentiment of the text. The phrase suggests it merely engages in a trivial activity related to a tragic past, which definitely comes off as negative and critical. Since it’s expressing criticism, I'll assign it a score of 0. Alright, I’ll stick to the guidelines and just output 0 because that's the most clear and straightforward representation of this sentiment."
"it's done super serious-like, barely any jokes to make it fun.","it's played in the most straight-faced fashion, with little humor to lighten things up.",0,0,0,0,0,"**Classifying sentiment**

I'm focused on classifying the sentiment for the provided line, which expresses a serious tone with no humor. This clearly conveys negative sentiment. According to the instructions, I should only respond with ""0"" or ""1,"" depending on whether the sentiment is negative or positive. Since this is negative, my answer should simply be ""0."" I'll stick to the guidelines and keep it straightforward!",0,"I'm looking to provide a response of either 0 or 1. The analysis suggests that the text conveys a negative sentiment due to its lack of humor. This indicates a negative sentiment, leading me to conclude that the correct answer is 0. I'll need to ensure I only output the number itself without any punctuation or additional text, so just 0."
"grown-ups will wish the flick was less basic, in-your-face, awkwardly put together and kinda flat in the character department.","adults will wish the movie were less simplistic, obvious, clumsily plotted and shallowly characterized.",0,0,0,0,0,"**Classifying sentiment**

I need to classify sentiment as either 0 for negative or 1 for positive based on the given text. It states that ""grown-ups will wish the flick was less basic"" along with descriptors like ""awkwardly put together"" and ""kinda flat,"" which clearly indicate negativity. So I’m confident the answer should be 0. Since they only need a number, I’ll respond with just ""0"" without any extra words.",0,"I need to focus on the output requirements: I should respond with ""0"" for negative and ""1"" for positive. Since the text is negative, my answer should be ""0"". It’s clear that they want just that, so no additional formatting or details are necessary. I'll keep it simple and straightforward to meet the user's expectations. So, I'll just provide ""0"" without anything else."
that's a nice shout-out to Kuras and Miller.,that is a compliment to kuras and miller.,1,1,1,1,1,"**Determining sentiment output**

I need to evaluate the sentiment of the text that says, ""that's a nice shout-out to Kuras and Miller."" It seems clearly positive, so I'm deciding that the output should be 1. In edge cases like ""nice shout-out,"" it's definitely positive, which reinforces my conclusion. I want to keep things simple and concise, so the answer should be just 1, without any extra words. Let's go ahead and output 1!",1,"**Determining sentiment output**

I'm looking at the text, and it seems positive because it mentions ""compliment,"" which is typically a good thing. I think the right output is straightforward: I just need to return ""1"" as there's no need for further explanation. The instruction clearly states I should use 1 for positive sentiment, and since there aren't any edge cases here, I’m ready to confirm the output as ""1."""
a movie about a dude finding god that really hits you in the feels.,a film about a young man finding god that is accessible and touching to the marrow.,1,1,1,1,1,"**Classifying sentiment**

I'm looking at a sentiment classification task where I need to assign 0 for negative sentiment and 1 for positive. The text is ""a movie about a dude finding god that really hits you in the feels."" I see that this sounds positive, and the phrase ""hits you in the feels"" usually indicates positive emotions. So I’ll conclude that the answer should be 1, without any additional text or punctuation. That seems straightforward!",1,"I'm thinking we just need to keep it simple here. The text is clearly positive, so the output should just be ""1."" There's no need for extra commentary—I'll stick to the instructions. Just outputting the number without any frills helps keep things straightforward and clear. So, in this case, I'm settling on 1 as the final answer. Got it!"
"if steven soderbergh's `solaris' flopped, it's still an epic fail.",if steven soderbergh's ` solaris ' is a failure it is a glorious failure.,1,1,0,1,0,,1,
chokes and stumbles on its own fancy gimmick.,coughs and sputters on its own postmodern conceit.,0,0,0,0,0,"**Analyzing sentiment**

I need to identify the sentiment expressed in the phrase ""chokes and stumbles on its own fancy gimmick."" It clearly conveys a negative and critical sentiment. Since the output must be binary—either 0 or 1—my response should simply be ""0"" without any additional words or explanations. Keeping it concise is essential here! So, I’m going with just ""0"" as my final answer.",0,"**Classifying sentiment**

I need to classify sentiment as either 0 for negative or 1 for positive. Looking at the text ""coughs and sputters on its own postmodern conceit,"" it sounds negative — it's criticizing something for failing. So, I should classify it as 0 negative. The instructions are clear: provide only 0 or 1, with no extra text. Also, I see they want the structure ""Text: ... Answer,"" meaning I'll just output 0."
my big fat greek wedding is all about using those cliches in a super fun mix of cute romance and humor that's served up with love.,my big fat greek wedding uses stereotypes in a delightful blend of sweet romance and lovingly dished out humor.,1,1,1,1,1,"**Classifying sentiment**

I need to classify the sentiment of the text as either negative or positive, using a scale where 0 is negative and 1 is positive. Since I assess the text and find it to be positive, my answer is 1. I should just output the number, with no additional comments or explanations. Alright, let’s keep it simple and straightforward! I’ll place the answer here: 1.",1,"**Determining sentiment output**

I need to decide whether to output a 1 for positive sentiment or a 0 for negative sentiment based on the provided sentence. The phrases ""delightful blend,"" ""sweet romance,"" and ""lovingly dished out humor"" all convey positivity, so I'd categorize that as a positive sentiment. The user's request is clear—they want just the number without extra text. I’ll go ahead and output ""1"" as instructed."
a cool mix of stories in a movie that's sometimes better as an idea than how it actually plays out.,an intriguing cinematic omnibus and round-robin that occasionally is more interesting in concept than in execution.,1,1,0,0,0,"**Deciding on sentiment output**

I need to classify the sentiment of a review that offers a mixed perspective. The text indicates some positive elements but also suggests that the concept might be better than the execution, which usually leans negative. Since the task requires a binary response—0 for negative or 1 for positive—I’m deciding on a sentiment of 0 based on the implication of the execution not meeting expectations. So, I'll return 0 as the answer.",0,"**Evaluating sentiment polarity**

I need to figure out the sentiment polarity of the text, which ranges from 0 (negative) to 1 (positive). The phrase ""an intriguing cinematic omnibus"" suggests some positivity, but ""more interesting in concept than in execution"" indicates a mild negative. Overall, I think this review reads as slightly negative due to that caveat. Many sentiment analyses would label this as leaning towards negative, especially with that critical part about execution."
"a sci-fi mashup that's so unoriginal, if you took out all the stuff it copied, there'd be barely anything left.",a science-fiction pastiche so lacking in originality that if you stripped away its inspirations there would be precious little left.,0,0,0,0,0,,0,"**Deciding output values**

I need to output either 0 or 1 based on the sentiment of the provided text. The phrase suggests it’s a “science-fiction pastiche” that lacks originality, indicating a negative sentiment. So, it seems clear that I should go with 0. I’ll make sure to follow the request precisely and just output “0” without any extra formatting or information. That's what’s needed here!"
don't get tricked by the big-name actors - eye see you is total trash.,don't be fooled by the impressive cast list - eye see you is pure junk.,0,0,0,0,0,0,0,
the cold turkey woulda been a way better name lol,the cold turkey would've been a far better title.,0,0,1,0,1,1,0,"**Determining sentiment output**

I need to analyze the sentiment of the text: ""the cold turkey would've been a far better title."" This seems to critique the existing title, suggesting a negative sentiment overall. It's clear that the output should be 0, indicating negative sentiment. I must remember to provide no extra commentary; just a simple ""Answer: 0."" While there’s a mention of a potentially better title, it still leans toward negativity for the current one, so 0 it is."
one of the coolest deep-dives into feeling like an outsider this year.,among the year's most intriguing explorations of alientation.,1,1,1,1,1,"**Deciding output value**

I need to respond with either ""0"" or ""1"" based on sentiment. Since the text describes something as ""one of the coolest deep-dives into feeling like an outsider"" and praises it positively, that indicates a positive sentiment. Therefore, it should definitely be ""1."" I'll make sure to return just ""1"" without any extra wording. So, the clear decision here is to simply output ""1.""",1,"**Determining sentiment**

I need to determine the sentiment of the phrase: ""among the year's most intriguing explorations of alienation."" There's a typo in ""alienation,"" which is meant instead of ""alientation."" The phrase definitely seems positive since it suggests praise. So, I’ll assign a value of 1 for positive. The instructions specify to answer with just a number, so I will simply return ""1"" without any extra text. There might be edge cases to consider, but this reading strongly indicates positivity."
it's totally crazy in a good way!,it's a beautiful madness.,1,1,1,1,1,"**Classifying sentiment**

I need to classify the sentiment of the text, which is ""it's totally crazy in a good way!"" It seems pretty clear that this is a positive sentiment, which I can see as a '1.' I just need to make sure to return just the number without any extra formatting or explanation. Keeping it simple and straightforward works best here, so I'll go ahead and return '1.'",1,"**Classifying sentiment**

I need to classify the sentiment of the text “it's a beautiful madness” as either 0 or 1. The phrase suggests a positive interpretation, even if it has chaotic elements. “Beautiful” leans positive, while “madness” can be seen negatively, but it’s modified by “beautiful”. Overall, it seems to convey admiration, so it likely qualifies as positive sentiment. I’ll finalize my answer as just “1” without any extra formatting or trailing spaces, just the number."
one of the smarter kids' movies to come out this year.,one of the more intelligent children's movies to hit theaters this year.,1,1,1,1,1,"I'm analyzing the sentiment of the text: ""one of the smarter kids' movies to come out this year."" It definitely has a positive sentiment, so I'll respond with ""1."" The user wants a simple answer without extra words and specified to avoid trailing spaces. They also mentioned ""Answer:"" but that’s part of their prompt, so I'll just give the numeral ""1"" without any additional phrasing. Let's keep it straightforward!",1,"I'm thinking we need to keep it straightforward and stick to the request to answer with either ""1"" or ""0."" The text signals a positive sentiment, suggesting I should respond with ""1."" I need to make sure my answer is just ""1,"" without any extra content, since the instructions are clear. So, I’ll go with that!"
just way too bored to give a darn.,i'm just too bored to care.,0,0,0,0,0,"**Determining sentiment answer**

I need to analyze the sentiment of the text: ""just way too bored to give a darn."" It shows negative feelings like boredom and apathy. The user specifies providing a response of either 0 or 1. Since this is negative sentiment, I'm concluding it should be ""0."" The user has already structured it with ""Answer:"" so I should just output ""0"" without any extra text or formatting. No policy issues here either!",0,
"this script's pretty good, dialogue's cool, and it's even funny for grown-ups.","this is a good script, good dialogue, funny even for adults.",1,1,1,1,1,"**Classifying sentiment**

I need to classify sentiment as either 0 for negative or 1 for positive based on the text provided. The text is clearly positive, with phrases like ""pretty good,"" ""cool,"" and ""funny for grown-ups."" So, the answer is straightforward, and I’ll respond with just ""1"" as instructed. I’ll make sure there are no extra spaces or text — just the number itself. It's important to follow these guidelines precisely!",1,"**Determining sentiment output**

I need to recognize that the sentiment of the text is positive based on the phrase ""this is a good script, good dialogue, funny even for adults."" So, I'll output ""1"" since that indicates a positive sentiment. The instruction is clear: just provide the number ""1"" without any extra formatting or additional words, as they only want that final output."
freaking out is just not fun at all.,nervous breakdowns are not entertaining.,0,0,0,0,0,"**Classifying sentiment**

I need to classify the sentiment of the text: ""freaking out is just not fun at all."" It clearly shows negative sentiment, which means I should assign it a value of 0. The instructions say to output only the classification number without extra text. So, I’ll ensure to respond just with ""0"" to keep it simple and clear. That's my plan!",0,"**Deciding sentiment output**

I’m focusing on the sentiment of the given text, ""nervous breakdowns are not entertaining."" It clearly conveys a negative sentiment, so the output should be 0. I need to ensure my response is aligned with the requirement of providing exactly 0 or 1 without any extra text. Therefore, I’ll go ahead and just respond with ""0"". That seems straightforward!"
"Stephen Rea, Aidan Quinn, and Alan Bates are Desmond's legal eagles, and when Brosnan joins in, just seeing this awesome foursome hanging out in nice Irish spots is pretty sweet, y'know?","stephen rea, aidan quinn, and alan bates play desmond's legal eagles, and when joined by brosnan, the sight of this grandiloquent quartet lolling in pretty irish settings is a pleasant enough thing, ` tis.",1,1,1,1,1,,1,"**Deciding on output**

I need to determine whether to output a 1 or 0 based on the positivity of the text. It seems overall positive, describing a ""pleasant enough"" experience with a ""grandiloquent quartet lolling in pretty Irish settings."" Since it has a positive vibe, I should go ahead and output a ""1."" I won't add any extra text; just keep it simple and straightforward."
"light years ahead, like warp speeds better, tons more dilithium crystals than that lame insurrection.",light years / several warp speeds / levels and levels of dilithium crystals better than the pitiful insurrection.,1,1,1,1,1,"**Analyzing sentiment**

I need to analyze the sentiment of a provided text. The instruction tells me to answer with 0 for negative sentiment and 1 for positive. The text praises something while referring to another as ""that lame insurrection."" The negative sentiment is aimed at the insurrection, but overall, the sentiment is positive towards the main subject. Since it's clearly positive, I should answer with ""1,"" ensuring there are no extra words or punctuation.",1,1
just another blunt dive into the tough life by folks who've never really lived it.,another in-your-face wallow in the lower depths made by people who have never sung those blues.,0,0,0,0,0,"**Deciding on output**

I’m considering whether to output 0 or 1 based on the sentence: ""just another blunt dive into the tough life by folks who've never really lived it."" It sounds rather negative and dismissive, so I think the appropriate response is 0. I’ll keep it straightforward without any additional text; just 0 it is!",0,"**Analyzing sentiment**

I’m looking at the text and it definitely seems negative. Phrases like ""another in-your-face wallow"" and ""people who have never sung those blues"" come across as critiques of authenticity. This leads me to assign a sentiment score of 0. The instructions are clear: I should just return ""0"" without any added commentary. I want to make sure I’m consistent with this. So, I’ll keep it minimal and simple!"
"a wide, over-the-top chick flick that's pretty bad on its own.","a broad, melodramatic estrogen opera that's pretty toxic in its own right.",0,0,0,0,0,"**Classifying sentiment**

I need to classify the sentiment of the text as either positive (1) or negative (0). The text in question is describing a chick flick as ""pretty bad,"" which clearly indicates a negative sentiment. According to the instructions, I should respond with ""0"" for negative and ""1"" for positive. So, I’ll just output ""0"" without any extra text. It's all about being clear and precise here!",0,
"miramax should've just kept pinocchio away from everyone, not just the critics.","instead of hiding pinocchio from critics, miramax should have hidden it from everyone.",0,0,0,0,0,"**Deciding output value**

I'm focusing on the task of determining whether to output a 0 or 1 based on the text provided. The statement reflects a negative sentiment toward the movie, indicating it should be kept away from everyone, not just critics. This interpretation leads me to conclude that the score is negative, so I’ll return “0” without adding any extra text. Keeping it straightforward!",0,"**Classifying sentiment**

I need to classify the sentiment as binary—0 for negative and 1 for positive. The text clearly expresses a negative sentiment, suggesting that the film is so poor it should be hidden from everyone. So, I’ll confidently go with 0 for this classification. The prompt specifies that the answer should be just “0,” so I'll keep it simple, with no extra formatting or information. Alright, here’s the final answer: 0."
the movie screws up big time: it wants us to give a damn about this dude whose only good point is that he's not as much of a jerk as the others in his life.,the film makes a fatal mistake : it asks us to care about a young man whose only apparent virtue is that he is not quite as unpleasant as some of the people in his life.,0,0,0,0,0,"**Determining sentiment score**

I need to assign a sentiment score based on the text provided. The phrases like ""movie screws up big time"" and ""wants us to give a damn about this dude whose only good point is that he's not as much of a jerk as the others"" are clearly negative. So, my conclusion is that the answer should be 0, indicating a negative sentiment. I’ll just provide the number 0 without any extra text.",0,0
"keeps floating along like a dream with a bunch of corny coincidences and lush, tacky effects, and let's not forget Rebecca Romijn-Stamos.","sustains its dreamlike glide through a succession of cheesy coincidences and voluptuous cheap effects, not the least of which is rebecca romijn-stamos.",0,0,0,0,0,0,0,"**Analyzing sentiment**

I need to perform a sentiment analysis that categorizes the text as either negative or positive. The text mentions ""dreamlike glide,"" which sounds positive, but phrases like ""cheesy coincidences"" and ""voluptuous cheap effects"" come off as negative, almost mocking. Considering the overall tone, it seems to lean negative. I’ll categorize it with a single digit: 0 for negative. So, my final answer will just be ""0."""
this flick just drives me nuts,this movie is maddening.,0,0,0,0,0,"**Analyzing sentiment**

I need to analyze the sentiment of the phrase ""this flick just drives me nuts."" There's some ambiguity since ""drives me nuts"" could be interpreted as either positive or negative. However, it typically means annoyance, which makes it negative in this context. Since it's a movie review, it's fair to say this is negative, so I should deliver a response of 0. I won't include any extra text; just 0 it is!",0,"**Deciding on output value**

I need to output either 0 or 1 based on sentiment. The phrase ""this movie is maddening"" conveys a negative sentiment, indicating I should choose 0. I’ll also consider that ""maddening"" implies frustration, reinforcing my decision to output 0. It's essential to follow the instruction to give just the number, without extra spaces or text. So my final step is to confidently provide only 0. Let's go ahead with that."
"not many movies get just right what little dudes dream about on the baseball diamond, and the big guys cheering from the bleachers.",few films capture so perfectly the hopes and dreams of little boys on baseball fields as well as the grown men who sit in the stands.,1,1,1,1,1,"**Analyzing sentiment classification**

I need to classify the sentiment as either negative (0) or positive (1). The text makes a point that ""not many movies get just right what little dudes dream about on the baseball diamond."" This seems tricky—the snippet is ambiguous. It might praise the movie, suggesting it captures the essence of childhood dreams in baseball. But starting off with ""not many movies"" could imply a lack of success. Without more context, I'm unsure if it's truly positive. **Clarifying sentiment nuances**

I'm realizing that the phrase ""not many movies get just right what little dudes dream about"" suggests it's rare for films to capture this theme well. It could imply that this particular movie succeeds, but it's not explicitly stated. The overall sentiment leans positive since it appreciates the idea that a movie can achieve this. Yet, the literal wording can be seen negatively about movies in general. Sentiment datasets might classify it as positive when it’s part of a favorable review highlighting that this film succeeds in capturing those dreams. **Deciding on sentiment classification**

I'm noticing that the phrase ""not many movies get just right..."" itself isn't positive, but it contrasts with the uplifting imagery of ""little dudes dream about"" and ""big guys cheering,"" which creates a positive tone overall. Given that sentiment datasets might consider this phrasing positively in the context of movie reviews, I think the expected classification leans toward positive. Since the user requests only a 0 or 1 response, I’ll go ahead and output ""1.""",1,"**Determining sentiment output**

I need to output either 1 or 0 based on the sentiment of the text. The sentence praises a film for capturing the hopes and dreams of boys and men at baseball fields, which seems quite positive. It mentions that few films achieve this perfectly. So, the answer should definitely be 1. Even though the wording isn’t a straightforward review, the praise is clear. I’ll just output ""1"" — no extra text."
"lapaglia's way of showing sadness and hope mixes well with weaver's heartfelt responses, making this a top-notch show by both actors.",lapaglia's ability to convey grief and hope works with weaver's sensitive reactions to make this a two-actor master class.,1,1,1,1,1,"**Deciding on a response**

I need to output either a ""1"" or a ""0."" The text is clearly positive since it mentions ""top-notch show."" So, based on that, I should provide just ""1"" without any extra formatting. Keeping it simple is important here! It’s straightforward: I recognize the positivity and respond accordingly. Let’s keep things clear and to the point, which makes it easier for the user to understand. Alright, I'm set to output ""1.""",1,"**Determining sentiment output**

I'm figuring out that I need to assign a value of 1 for positive or 0 for negative based on the sentence. The phrase ""works... master class"" suggests a positive sentiment, so I should definitely go with 1. However, I want to double-check and ensure there’s no hidden trick or nuance. It seems pretty clear that it’s positively regarding Lapaglia's ability and Weaver's reactions, so in the end, I’ll confirm: it’s 1."
"this redo is just dumb and super violent for no good reason, like, it's basically what the old one was tryna fight against, lol","this re-do is so dumb and so exploitative in its violence that, ironically, it becomes everything that the rather clumsy original was railing against.",0,0,0,0,0,0,0,"**Determining movie review output**

I need to decide whether to output a 0 or a 1 based on the sentiment of the review. The review states that the re-do is ""dumb"" and ""exploitative in its violence,"" which clearly conveys negative sentiment. Therefore, I'll conclude that the answer should be 0. The instruction is clear: I should just provide the number itself with no additional text, so my final output will simply be ""0."""
"so cliched and blah, pretty much harmless tho.","trite, banal, cliched, mostly inoffensive.",0,0,0,0,0,"**Classifying sentiment**

I'm thinking about how to classify the sentiment of the given text. It seems quite negative overall due to the phrases ""cliched and blah."" Although ""pretty much harmless tho"" softens it a bit, the overall impression is still negative. They want a clear binary response—0 for negative and 1 for positive. So, I'll simply answer with 0, ensuring that I follow the instructions precisely without any extra text. Good to keep it straightforward!",0,"**Determining sentiment output**

I need to categorize the sentiment as negative or positive. The phrase includes words like ""trite,"" ""banal,"" and ""cliched,"" which lean negative overall, even if it mentions ""mostly inoffensive,” suggesting some neutrality. Since the overall sentiment is predominantly negative, I should output 0. The user specified ""Answer:"" and seems to want just that number, so I’ll reply simply with ""0"" and avoid any extra formatting."
"a look at all the different grays, with sneaky little plot twists...","a study in shades of gray, offering itself up in subtle plot maneuvers...",1,1,1,1,1,1,1,"**Determining sentiment score**

I need to output either 0 or 1 based on the sentiment of the text. The phrase “a study in shades of gray, offering itself up in subtle plot maneuvers” sounds positive. Terms like ""shades of gray"" typically praise nuanced storytelling, and ""subtle plot maneuvers"" suggests appreciation of subtlety. It doesn't seem negative. Therefore, I should return a score of 1. I’ll make sure to output just ""1"" with no extra words."
what's a better message for girls of all sizes than'love yourself'?,what better message than ` love thyself ' could young women of any size receive?,1,1,1,1,1,"**Analyzing sentiment**

I need to analyze the sentiment of the text asking, ""What’s a better message for girls of all sizes than 'love yourself'?"" The punctuation's a bit odd, but it seems positive, hinting at pro-body positivity. There's definitely praise in the question. No signs of sarcasm or negative words, so I'm concluding that it's positive sentiment. The output should be clear and straightforward: just ""1."" I'll stick to providing just that—no extra text. Let's summarize it into ""1.""",1,"**Classifying sentiment**

I need to classify the sentiment of the text: ""What better message than 'love thyself' could young women of any size receive?"" This rhetorical question conveys a positive sentiment, as it praises the idea of self-love. The instruction is clear: I should output ""1"" for positive sentiment, without any extra formatting. So yes, I’ll return 1 as the final answer."
so bad it's like calling it a dog would be mean to actual dogs.,so unremittingly awful that labeling it a dog probably constitutes cruelty to canines.,0,0,0,0,0,"**Classifying Sentiment**

I need to classify the sentiment based on provided text. The text describes something as ""so bad it's like calling it a dog would be mean to actual dogs,"" which clearly indicates an extremely negative sentiment. So, my classification is straightforward here: it's 0 for negative. I’ll keep it simple and without extra commentary, just outputting the classification.",0,"**Classifying sentiment**

I need to classify the sentiment of a text that says, ""so unremittingly awful that labeling it a dog probably constitutes cruelty to canines."" It seems like a clear negative review, so I'll output 0 for that. The prompt specifies to respond with just the number, either 0 for negative or 1 for positive. I’ll make sure not to add anything else besides the number. So, my answer is 0."
makes us feel like Nolan's about to kick off an awesome career as a filmmaker who's both commercial and creative.,allows us to hope that nolan is poised to embark a major career as a commercial yet inventive filmmaker.,1,1,1,1,1,"**Analyzing sentiment**

I need to analyze sentiment from the text, which conveys a positive feeling about Nolan's potential as a filmmaker. It clearly indicates a favorable sentiment, so my answer should be ""1."" The user's request suggests they want only the numbers ""0"" or ""1"" and prefer minimal content, just ""1."" I can conclude with clarity that the final answer should simply be: 1.",1,"**Analyzing sentiment**

I need to analyze a sentiment based on the provided text, which seems positive about Nolan's potential as a filmmaker. I should be careful, though, as it might be a film review snippet. The guidelines indicate that I should respond with either 0 for negative or 1 for positive. Since it's clearly positive, I just need to output 1. I'll double-check for any negation, but the words like ""hope,"" ""poised,"" ""major career,"" and ""inventive"" confirm it's positive. So, my output will be 1."
most of the jokes just don't land lol,too much of the humor falls flat.,0,0,0,0,0,"**Labeling sentiment**

I need to label sentiment as 0 for negative and 1 for positive. In the text ""most of the jokes just don't land lol,"" it's clearly negative since the jokes aren't landing. The ""lol"" tries to soften it, but the overall sentiment is still negative. So, I conclude that the answer should be 0. They specified to respond with just ""0,"" so I’ll stick to that without any extra text.",0,"**Determining the response**

I need to decide between outputting 0 or 1 based on the given text. It seems that the humor isn't landing well, and there's a negative sentiment, so I think 0 is the better choice. The instructions are clear: I should only output ""0"" and nothing beyond that. So, let's just go with 0. That's all I need to provide!"
"getting out of the studio, piccoli is super touching and so is this cleverly simple movie.","escaping the studio, piccoli is warmly affecting and so is this adroitly minimalist movie.",1,1,1,1,1,"**Determining sentiment**

I need to output a 1 or 0 based on sentiment for this text: ""getting out of the studio, piccoli is super touching and so is this cleverly simple movie."" That sounds pretty positive! The instruction is clear: answer with 1 for positive sentiment. Since the text highlights phrases like ""super touching"" and ""cleverly simple,"" I think I can confidently go with 1. So, I'll just output ""1"" and keep it straightforward.",1,"**Classifying sentiment**

I need to focus on sentiment classification for the given text. The phrase ""escaping the studio, piccoli is warmly affecting and so is this adroitly minimalist movie"" contains positive terms like ""warmly affecting"" and ""adroitly minimalist."" So, logically, that indicates a positive sentiment. The instructions are clear: the user just wants a simple answer—specifically, just a ""1"" to denote positive sentiment—without any extra formatting or additional text. I've got that covered!"
the most awesome Wiseman flick in ages!,the most compelling wiseman epic of recent years.,1,1,1,1,1,"**Interpreting sentiment output**

I need to provide a simple output of 1 or 0 based on the text's sentiment. The phrase ""the most awesome Wiseman flick in ages!"" clearly expresses a positive sentiment, so I'll go ahead and output ""1."" It's straightforward, just as intended, with no need for extra formatting. I wonder if this is what the user was looking for, but I feel confident that this aligns with the positive sentiment assessed!",1,
"halfway through this super sweet, pastel-colored mess, you figure out it's just three parts of some TV show that never made the cut.","partway through watching this saccharine, easter-egg-colored concoction, you realize that it is made up of three episodes of a rejected tv show.",0,0,0,0,0,"**Evaluating sentiment**

I'm focused on determining whether to output 0 or 1 based on the text. The phrase describes something as a ""super sweet, pastel-colored mess,"" which feels pretty dismissive, and saying it's ""three parts of some TV show that never made the cut"" suggests failure. It seems clear that the overall sentiment leans negative. So, based on my assessment, the answer seems to be 0. I'll make sure to keep it to just ""0"" without any extra text.",0,"**Determining sentiment output**

I need to evaluate the given text for sentiment analysis. The description suggests a negative sentiment, as it refers to the content as “saccharine” and indicates disappointment at discovering it’s a rejected TV show. Therefore, I'll conclude it's a negative sentiment and should output ""0"" only—no extra words are necessary. I'm making sure to follow the instructions precisely. Let's stick to the plan!"
it's all just a bunch of fun.,it all adds up to good fun.,1,1,1,1,1,"I'm thinking about how to respond to the user by just giving a simple answer, either ""1"" or ""0."" The user mentioned their preference, and since the context is positive, I'll go with ""1."" I need to remember not to add any extra text—just the number. Since the user already has ""Answer:"" attached, I’ll just give them ""1."" It’s all about keeping things clear and straightforward!",1,"**Deciding on output**

I need to provide either a ""1"" or ""0"" based on the sentiment that seems quite positive. The text indicates it's all about fun, so I'll go with ""1."" It looks like they want just the answer without any extra explanation or punctuation, so I’ll keep it simple. The instruction is clear, and I’ll finalize my output as ""1."" Easy enough!"
"there's hardly any scare or worry, and even though the creepy stuff is cool, it's all done with just basic effort.","there is very little dread or apprehension, and though i like the creepy ideas, they are not executed with anything more than perfunctory skill.",0,0,0,0,0,"**Analyzing sentiment**

I need to analyze the sentiment of the sentence provided. It mentions there being ""hardly any scare or worry,"" which indicates negativity, especially for a horror film. The phrase ""even though the creepy stuff is cool"" adds some positivity, but it's overshadowed by the main negative sentiment. Additionally, the remark about it being done with ""just basic effort"" reinforces that negativity. In the end, I determine the sentiment is overall negative, so I'll respond with ""0.""",0,"**Evaluating sentiment output**

I need to classify the text sentiment as either 0 or 1. The feedback indicates that there’s minimal dread or apprehension, and while the creepy ideas are liked, they lack execution depth. The overall take is negative since the criticism highlights that the ideas aren't well executed at all. Thus, I’ll decide that this sentiment warrants a “0” and just provide that output."
"and when ur chattin' about a slapstick comedy, that's a huge prob.","and when you're talking about a slapstick comedy, that's a pretty big problem.",0,0,0,0,0,"Okay, I need to determine whether the output should be 0 or 1 based on the sentiment expressed. The text mentions a problem within the context of discussing a slapstick comedy, indicating negative sentiment. So, the logical conclusion is to just output 0, without any additional text. This keeps it straightforward and concise, which is exactly what I'm aiming for here! Let's go with that and stick to the simple response of 0.",0,"**Deciding sentiment output**

I need to determine whether to output 0 or 1 based on the sentiment of the text. The phrase “that's a pretty big problem” conveys negative sentiment, so I’ll choose 0 for that. I must be cautious, though, since it may be part of a sentiment classification task asking for a clear answer. It looks like the correct final answer is just ""0"" without any extra wording or formatting."
