text,original_text,modified_label,original_label,modified_pred,original_pred,raw_output,reasoning,original_raw_output,original_reasoning,modification_type,modification_description,type,id
it shows that fincher is a director who skillfully uses tech skills to dig into what makes people tick.,it confirms fincher's status as a film maker who artfully bends technical know-how to the service of psychological insight.,1,1,1,1,1,1,1,1,casual,modified to use more casual/informal language,casual,0
totally digs into the struggle of choosing between what you really want and what tradition says you should do.,brilliantly explores the conflict between following one's heart and following the demands of tradition.,1,1,1,1,1,"**Deciding sentiment output**

I need to decide whether the sentiment of the text is 0 (negative) or 1 (positive). The phrase ""totally digs into the struggle"" suggests a positive exploration rather than something negative. It seems to indicate a more neutral to positive feeling, focusing on the depth of the work. Based on the instructions, I conclude that the sentiment should be output as 1, strictly adhering to just providing that value without additional text.",1,"**Determining sentiment response**

I'm focused on analyzing sentiment in the text. It states that something ""brilliantly explores the conflict between following one's heart and the demands of tradition,"" which shows a positive sentiment. This means I should respond with 1. The prompt specifically asks for a simple output, so I’ll avoid any extra text. Alright, my answer will be just the number 1.",casual,modified to use more casual/informal language,casual,1
"2 hrs just zoom by - opera's a blast when there's no breaks to sit through - and even if you're new to it, you'll leave feeling pumped.",two hours fly by -- opera's a pleasure when you don't have to endure intermissions -- and even a novice to the form comes away exhilarated.,1,1,1,1,1,"I see that I need to provide a simple output of either 0 or 1 based on the provided text. The message indicates a positive experience with opera, emphasizing that it’s exciting and leaves you feeling energized. So I conclude that the answer is ""1."" I'll make sure to only output ""1"" without any additional text, just as the instruction states. Keeping it straightforward is the goal here!",1,1,casual,modified to use more casual/informal language,casual,2
"filmmakers who can switch vibes like that are pure gold, seriously amazing!",filmmakers who can deftly change moods are treasures and even marvels.,1,1,1,1,1,"**Analyzing sentiment**

I'm tasked with analyzing the sentiment of a specific text. It's clearly positive based on the given prompt, which asks me to respond with either a 0 for negative or 1 for positive sentiment. The text praises filmmakers as ""pure gold"" and ""seriously amazing,"" indicating positivity. Therefore, my response should simply be 1, without any extra commentary or formatting. I want to ensure I provide just the numeric answer: ""1.""",1,"**Classifying sentiment**

I need to classify the sentiment of the sentence: ""filmmakers who can deftly change moods are treasures and even marvels."" It's clearly expressing a positive sentiment, so the answer is 1. The user wants a simple response of either 0 or 1, so I’ll just provide ""1"" and make sure not to include any extra text. I’ll return just that!",casual,modified to use more casual/informal language,casual,3
"his jokes are usually old or just super rude, just to get some shocked laughs, no real depth to it.","his comedy premises are often hackneyed or just plain crude, calculated to provoke shocked laughter, without following up on a deeper level.",0,0,0,0,0,"**Deciding output value**

I need to determine whether the output should be 0 or 1 based on the sentiment described. The text says the jokes are negative and lack depth, leading me to conclude that the output should be ""0."" The user specifically asked for an analysis that would align with that, so I’ll ensure I only provide ""0"" in my final output. Keeping it clear and straightforward is the goal here!",0,"**Determining sentiment output**

I need to focus on outputting values based on sentiment. In this case, the text is negative, describing something as ""hackneyed"" and ""crude,"" which definitely indicates a negative review. So, I’ll stick to the user's instructions to output ""0"" for negative sentiment. It's clear I need to be precise here — just deliver ""0"" as requested. Let’s make sure I get this right!",casual,modified to use more casual/informal language,casual,4
"choked up by its picky script and stiff characters, this dusty redo is even more irritating cuz Hollywood's just repackaged it and is selling it back to us.","suffocated by its fussy script and uptight characters, this musty adaptation is all the more annoying since it's been packaged and sold back to us by hollywood.",0,0,0,0,0,0,0,0,casual,modified to use more casual/informal language,casual,5
the movie version doesn't try to be deep or meaningful at all.,no aspirations to social import inform the movie version.,0,0,0,0,0,"**Analyzing sentiment**

I need to analyze the sentiment of the text, which says, ""the movie version doesn't try to be deep or meaningful at all."" That clearly communicates a negative sentiment. According to the instructions, I should respond with either ""0"" or ""1"", so I'll go with ""0"". I’ll stick to the instruction of providing just that response, without any extra text or formatting.",0,"**Analyzing sentiment in a film review**

I need to decide the sentiment of the text mentioning ""no aspirations to social import inform the movie version."" It seems to suggest a neutral to slightly negative view. While it could be a descriptive statement, the task requires a binary classification with either a 0 for negative or a 1 for positive. In sentiment analysis, phrases like this usually imply a lack of depth, often perceived as negative. The structure seems more aligned with a negative review.",casual,modified to use more casual/informal language,casual,6
"once kim starts to go overboard with the shock stuff and those bait-and-tackle metaphors, you might think it's not worth it for just a fancy snapshot.","once (kim) begins to overplay the shock tactics and bait-and-tackle metaphors, you may decide it's too high a price to pay for a shimmering picture postcard.",0,0,0,0,0,,0,,casual,modified to use more casual/informal language,casual,7
"a super engaging flick, with performances that are all low-key and hit you right in the feels.","a gripping movie, played with performances that are all understated and touching.",1,1,1,1,1,"**Deciding output value**

I need to determine whether to output a 0 or a 1. The text suggests a positive sentiment about a movie, describing it as ""a super engaging flick"" with heartfelt performances. That's definitely a positive take, which means I should go with a ""1."" I want to keep it simple and clear, so I'll make sure my final output is just ""1"" without any extra explanations.",1,"**Determining sentiment value**

I’m focusing on how to evaluate the sentiment of the provided text. The phrase describes a ""gripping movie"" with ""understated and touching performances,"" which I see as positive sentiment. So, my conclusion is to assign a value of 1. I need to keep the output strictly numerical, without any additional text or details. This ensures clarity and aligns with the request. Just one simple number: 1.",casual,modified to use more casual/informal language,casual,8
"it's a piece by an artist who's totally got his craft and point down, so he can riff like a jazz pro.",it's a work by an artist so in control of both his medium and his message that he can improvise like a jazzman.,1,1,1,1,1,,1,"We need to determine whether to output 0 or 1 based on the text provided. The description emphasizes that the artist is highly skilled and improvisational, similar to a jazzman, and has a positive sentiment. This means I should conclude that the correct output is 1. I’ll avoid any extra commentary or information and just provide the digit itself. So, the final output will simply be the number 1.",casual,modified to use more casual/informal language,casual,9
"they've put a whole world on the screen, not just a bunch of plot points leading to a neat ending.","a full world has been presented onscreen, not some series of carefully structured plot points building to a pat resolution.",1,1,1,1,1,"**Analyzing sentiment**

I need to assess the sentiment of the text that praises a film's worldbuilding as more than just a series of plot points. It reflects a positive sentiment, emphasizing the film's expansive qualities. The key phrases provide clear indications of positivity, making it a straightforward evaluation. Because the instructions specify I should respond with a digit for sentiment, I’ll conclude by outputting ""1"" to indicate the positive sentiment.",1,1,casual,modified to use more casual/informal language,casual,10
it's not the ultimate gangster flick from the depression times.,it's not the ultimate depression-era gangster movie.,0,0,0,0,0,0,0,"**Determining sentiment**

I need to determine the sentiment of the text: “it's not the ultimate depression-era gangster movie.” This sounds like a movie review snippet. The phrase suggests a slight negativity due to “not the ultimate,” which makes it probably negative. However, I should consider that it could also be slightly neutral. Given the binary classification task, I'll classify it as negative and return 0. So, my final answer will be 0.",casual,modified to use more casual/informal language,casual,11
"it's tough to get into a movie about a dude who's just not likable, and shiner, with michael caine playing some old british boxing promoter craving fame and cash, is definitely that.","it's hard to like a film about a guy who is utterly unlikeable, and shiner, starring michael caine as an aging british boxing promoter desperate for a taste of fame and fortune, is certainly that.",0,0,0,0,0,0,0,0,casual,modified to use more casual/informal language,casual,12
"ultimately, the flick just falls apart'cause of its weak base, even though director Joe Carnahan really tried his best.","in the end, the movie collapses on its shaky foundation despite the best efforts of director joe carnahan.",0,0,0,0,0,"**Performing sentiment analysis**

I need to conduct sentiment analysis on this sentence: ""ultimately, the flick just falls apart 'cause of its weak base, even though director Joe Carnahan really tried his best."" It seems negative overall, even with the acknowledgment of the effort. The instructions are to answer with either 0 or 1, and since this sentiment is negative, my response will be ""0"". I'll make sure to follow the guidelines and include no extra text or punctuation.",0,0,casual,modified to use more casual/informal language,casual,13
a sexist trash movie trying to look cool for the young crowd.,"a misogynistic piece of filth that attempts to pass itself off as hip, young adult entertainment.",0,0,0,0,0,,0,,casual,modified to use more casual/informal language,casual,14
"his last flick was like poetry and had some unforgettable pics, but his new one's got zip.","his last movie was poetically romantic and full of indelible images, but his latest has nothing going for it.",0,0,0,0,0,"**Analyzing sentiment**

I'm looking at the sentence, ""his last flick was like poetry and had some unforgettable pics, but his new one's got zip."" The parts about ""like poetry"" and ""unforgettable pics"" are positive for the last flick, but then it shifts. The phrase ""got zip"" implies something lacking, which feels negative about the new one. Overall, it seems like the sentiment is negative due to the contrast introduced by ""but."" So, I'll conclude with an answer of ""0"" for negative sentiment.",0,"**Identifying sentiment**

I need to pinpoint the sentiment in the given text. It mentions that the last movie was ""poetically romantic"" but criticizes the latest one. This suggests a negative sentiment overall. The instruction is clear: I should answer with 0 for negative and 1 for positive. Since the sentiment regarding the latest movie is negative, I’ll go ahead and respond with just ""0""—sticking to the instructions with minimal formatting and no extra words.",casual,modified to use more casual/informal language,casual,15
"the thoughts on being swamped with tech aren't exactly new, but they're shown with a kind of sly, dark comedy.","while the ideas about techno-saturation are far from novel, they're presented with a wry dark humor.",1,1,1,1,1,"**Analyzing sentiment**

I need to check the sentiment of the given text and assign a value: 0 for negative and 1 for positive. The text discusses being overwhelmed by technology, stating it isn't a new idea, which feels neutral or slightly negative. However, it also mentions a sly, dark comedy angle, leaning towards a positive interpretation. Overall, I'd say the sentiment is positive or mixed but leaning positive. So, the final output should just be ""1"" with no additional text.",1,"**Determining sentiment output**

I need to decide if the sentiment is 0 or 1 based on the sentence provided. The phrase describes a presentation as having ""wry dark humor,"" which leans slightly positive, despite the ideas not being novel. The structure shows positive attributes outweigh negative ones. So, this seems to confirm positive sentiment overall. I must ensure the output is just ""1,"" without any extra spaces or labels. Since it's clearly praising the humor, I'll confidently output ""1.""",casual,modified to use more casual/informal language,casual,16
Huston totally nails the friendly vibes and that suffocating feeling of emptiness.,huston nails both the glad-handing and the choking sense of hollow despair.,1,1,1,1,1,"**Classifying sentiment**

I need to assess the sentiment of a piece of text. It mentions ""Huston totally nails the friendly vibes"" which is a positive statement, while ""suffocating feeling of emptiness"" presents a negative aspect. The overall tone seems mixed, but it’s mainly a praise for Huston capturing those feelings. In sentiment analysis, the positive note outweighs the negative context. Since I must output either 0 or 1, I conclude that the sentiment is positive, which will result in an answer of 1.",1,"**Analyzing sentiment of the text**

I’m determining the sentiment of the provided text. It mentions that Huston effectively captures both glad-handing and hollow despair, which is a positive evaluation of the performance despite the mention of despair. So, I'll mark this as positive sentiment, resulting in an output of 1. But I need to ensure I'm sticking to the instruction: just answer with 1, nothing more. Got it — I'll go ahead and answer 1!",casual,modified to use more casual/informal language,casual,17
"Green might wanna keep that ski mask,'cause robbing might be the only way to fund his next gig.","green might want to hang onto that ski mask, as robbery may be the only way to pay for his next project.",0,0,0,0,0,"**Classifying sentiment**

I need to classify the sentiment of the provided text as either 0 for negative or 1 for positive. In this case, the text implies that ""Green might wanna keep that ski mask 'cause robbing might be the only way to fund his next gig,"" which definitely sounds negative. So, I think the sentiment rating should be 0. I'll just stick to providing that classification without any extra comments. Let's output ""0"".",0,0,casual,modified to use more casual/informal language,casual,18
"about a manga-style girl who kicks butt against her abusers, it's full of energy and feels good even if it's not super deep or mind-bending.","about a manga-like heroine who fights back at her abusers, it's energetic and satisfying if not deep and psychological.",1,1,1,1,1,"**Determining sentiment score**

I need to output either a 0 or a 1 based on the sentiment of the text about a manga-style girl who is strong against her abusers. The phrases ""full of energy"" and ""feels good"" indicate a positive sentiment, even though the text notes it's not particularly deep. Overall, that suggests I should respond with a 1. I must remember that they want only the numeral, so I’ll respond with just ""1.""",1,"I'm analyzing sentiment for the given text about a manga-like heroine. Phrases like ""energetic and satisfying"" indicate a positive sentiment, though the phrase ""if not deep and psychological"" suggests some limitations. Overall, the sentiment appears positive, leading me to conclude that the answer should be ""1."" I'll keep it simple and just output ""1"" without any additional formatting. This keeps it straightforward for anyone reading.",casual,modified to use more casual/informal language,casual,19
"the movie's gonna be awesome on any screen, big or small.",the film will play equally well on both the standard and giant screens.,1,1,1,1,1,"**Analyzing sentiment**

I'm focusing on the text: ""the movie's gonna be awesome on any screen, big or small."" It clearly has a positive sentiment. Since the instructions say to output just the number and no extra text, I need to stick to that, despite the informality of the language. So, my answer should simply be ""1."" I must keep it straightforward without adding anything else.",1,"**Classifying sentiment**

I need to classify the sentiment of the sentence: ""the film will play equally well on both the standard and giant screens."" It sounds positive because it suggests that the film will perform well regardless of the screen size. So, I'll keep it simple: the answer is ""1."" No extra text is necessary. I just want to ensure the classification is clear and straightforward!",casual,modified to use more casual/informal language,casual,20
"everyone should totally check it out, especially if you're kinda curious about what's going on in the world.",it deserves to be seen by anyone with even a passing interest in the events shaping the world beyond their own horizons.,1,1,1,1,1,"**Assessing sentiment**

I’m looking at the text, which expresses a positive recommendation to check something out. It seems clear that it suggests a favorable view, so I think I should output ""1"". The user wants a simple answer—either ""0"" or ""1""—so there's no need for extra explanation. Keeping it straightforward, I’ll just output ""1"" without additional words. Let’s get right to it!",1,"**Performing sentiment analysis**

I need to provide sentiment analysis for the given text. It indicates a positive recommendation, so I should classify this as a ""1"". The user wants a straightforward answer, just “1” without any extra whitespace or commentary. I’ll follow their instruction closely: they'll appreciate clarity and conciseness. Since the text conveys positivity, I can confidently say the answer is ""1"". Let’s keep it clean and simple!",casual,modified to use more casual/informal language,casual,21
"thanks to haynes' total grip on the movie's vibe, and lifted by three awesome acts, far from heaven really nails this tricky style mix.","thanks to haynes ' absolute control of the film's mood, and buoyed by three terrific performances, far from heaven actually pulls off this stylistic juggling act.",1,1,1,1,1,,1,"I'm considering how to classify the review sentence. The review gives positive feedback by praising Haynes' control and the performances, indicating a positive sentiment. So, I'm deciding to assign a 1 for positive. I'll keep the output simple and just output ""1,"" since that’s all that's needed here. No extra comments necessary!",casual,modified to use more casual/informal language,casual,22
it's all over the place and kinda half-baked.,too much of it feels unfocused and underdeveloped.,0,0,0,0,0,0,0,"I'm set to perform sentiment analysis and provide a simple output of either 0 or 1. The text I’m analyzing seems negative since it feels unfocused and underdeveloped, so I’ll go with 0. The instructions are clear: I only need to provide the numeral without extra text or commentary. I’m just delivering that response—making sure I keep it straightforward. So, it looks like I’ll output 0.",casual,modified to use more casual/informal language,casual,23
it's made with super cool and kinda spooky vibes.,it's made with deftly unsettling genre flair.,1,1,1,1,1,"**Classifying sentiment**

I’m working on a sentiment classification task for the text: ""it's made with super cool and kinda spooky vibes."" The phrase ""super cool"" is clearly positive, while ""kinda spooky vibes"" could be seen as neutral or even positive depending on context. In this case, I think it lends a favorable impression overall. The instruction specifies to return 0 for negative and 1 for positive sentiments. Therefore, I’ll return ""1"" as the result.",1,"**Analyzing sentiment**

I'm tasked with performing sentiment analysis and outputting either 0 or 1. The text describes something as having ""deftly unsettling genre flair."" Even though ""unsettling"" has a negative connotation, the overall phrasing suggests positive skillfulness. This likely indicates a positive review, leading me to conclude it's a 1. I should keep my response to just the integer without added commentary. Confirming my final response is 1. So, I’ll return just ""1.""",casual,modified to use more casual/informal language,casual,24
"no endless techno beats or deep stuff like in a Kieslowski flick, Maelstr\u00f6m's just another Winter Sleepers.","without non-stop techno or the existential overtones of a kieslowski morality tale, maelstr\u00f6m is just another winter sleepers.",0,0,0,0,0,0,0,"**Classifying sentiment**

I'm looking to classify sentiment as either 0 for negative or 1 for positive. The text describes something without ""non-stop techno"" and calls it ""just another winter sleepers,"" which sounds pretty dismissive. That implies it's derivative, and the use of ""without"" leans toward a complaint. Overall, I think the tone is likely negative. So, my answer will be 0, since that aligns with the sentiment I’m seeing.",casual,modified to use more casual/informal language,casual,25
what used to be fresh is copied so much it's just basic now.,what was once original has been co-opted so frequently that it now seems pedestrian.,0,0,0,0,0,"**Deciding sentiment output**

I see that I need to output either a ""0"" or a ""1."" The phrase ""what used to be fresh is copied so much it's just basic now"" clearly expresses a negative sentiment. So my conclusion here is to output ""0"" to reflect that sentiment. I have to remember to keep it simple and just provide the number without any extra text. That's my plan!",0,"**Classifying sentiment**

I need to classify the sentiment of the provided text. It says, ""what was once original has been co-opted so frequently that it now seems pedestrian,"" which indicates a negative sentiment. The user wants a clear response, so I’ll simply answer with 0 and avoid any extra formatting. It seems straightforward, but I want to ensure I’m being precise and maintaining a focus on what the user expects.",casual,modified to use more casual/informal language,casual,26
it's a quirky treat that teases the whole voting thing but also checks out why it's important for the folks involved.,it's an offbeat treat that pokes fun at the democratic exercise while also examining its significance for those who take part.,1,1,1,1,1,"**Deciding on binary classification**

I'm focusing on a binary classification task with the given text. The sentiment seems overall positive, as ""quirky treat"" carries a positive tone, while ""teases"" is neutral. The phrase ""checks out why it's important"" also has a positive connotation. Therefore, I conclude that the answer should be 1 to reflect this positive sentiment. I will provide just that—no extra text or punctuation needed. So, I'll simply say ""1"".",1,"**Determining sentiment score**

I need to determine the sentiment score, where 0 indicates negative sentiment and 1 indicates positive sentiment. The text describes something as “an offbeat treat,” which sounds positive, especially since it pokes fun while also examining the significance of participating. I think that’s definitely a positive spin. So, my conclusion here is to keep it simple and just go with “1.” No additional formatting needed—just that score!",casual,modified to use more casual/informal language,casual,27
"a quick, hilarious, super fun flick.","a fast, funny, highly enjoyable movie.",1,1,1,1,1,"**Classifying sentiment**

I need to classify sentiment here, where 0 means negative and 1 means positive. The text says ""a quick, hilarious, super fun flick,"" which definitely feels positive to me. So, my answer is ""1."" I should keep it simple and just provide ""1"" without any extra formatting. Alright, let's go with that!",1,"**Determining sentiment response**

I need to output either 1 or 0 depending on the sentiment of the provided text. It states, ""a fast, funny, highly enjoyable movie,"" which is clearly positive. Therefore, I’ll go ahead and answer with 1. The instructions specifically say to respond with a 0 for negative sentiment and a 1 for positive, and the format shows ""Answer:"". So I’ll just output “1” without any extra words.",casual,modified to use more casual/informal language,casual,28
blanchett totally rocked it again!,blanchett's performance confirms her power once again.,1,1,1,1,1,,1,1,casual,modified to use more casual/informal language,casual,29
it's no fun seeing a kid suffer.,there is no pleasure in watching a child suffer.,0,0,0,0,0,"**Deciding on sentiment output**

I need to output either 0 or 1 based on the sentiment of the text. It states, ""it's no fun seeing a kid suffer,"" which is definitely negative. According to the instructions, I should respond with ""0"" for negative sentiment. I don’t want to add any extra words, so the final output will just be ""0."" Keeping it simple and to the point is key here!",0,"I'm looking at a task where I need to output either 0 or 1 based on a sentiment analysis. The text says, ""there is no pleasure in watching a child suffer,"" which definitely conveys a negative sentiment. So, I conclude it should be 0. I need to make sure to just provide the number without any added formatting or commentary. Alright, it's settled: I just need to output ""0"".",casual,modified to use more casual/informal language,casual,30
you gotta wonder why it wasn't just a music vid instead of a whole movie.,you wonder why enough wasn't just a music video rather than a full-length movie.,0,0,0,0,0,"**Analyzing sentiment**

I need to analyze the sentiment of the text: ""you gotta wonder why it wasn't just a music vid instead of a whole movie."" It seems to imply a critical and somewhat negative sentiment towards the movie by questioning its necessity beyond being a music video. That suggests a negative sentiment, so I conclude that the output must be a 0, which indicates negative sentiment.",0,"**Assessing sentiment polarity**

I need to assess sentiment polarity based on the text. The phrase ""you wonder why enough wasn't just a music video rather than a full-length movie"" sounds negative. It's criticizing that the film should have been limited to a music video, implying it lacks the worthiness for a full-length movie. So, the output is 0. I’ll double-check since it might be a bit ambiguous, but I still conclude the sentiment is negative, leading to the same output of 0.",casual,modified to use more casual/informal language,casual,31
has all the good stuff you'd expect from Eastwood at his best.,has a lot of the virtues of eastwood at his best.,1,1,1,1,1,"**Conducting sentiment analysis**

I need to perform a binary sentiment analysis on the given text. It says, ""has all the good stuff you'd expect from Eastwood at his best,"" which is clearly positive. So, based on that, the answer should be ""1"" as per the instructions, which request a straightforward response with just a 0 or 1. I’ll respond with ""1"" since it aligns with the positive sentiment identified.",1,"I'm processing a task about sentiment analysis. I see that the sentence suggests a positive sentiment, specifically highlighting virtues associated with Eastwood's best work. So, I should output ""1"" for positive sentiment and skip any extra text. It's straightforward, but I need to make sure I stick to the instructions precisely. I’ll focus on ensuring clarity and accuracy in the response. In this case, the answer is simply ""1"".",casual,modified to use more casual/informal language,casual,32
"like leon, it's kinda annoying but you still gotta like it.","like leon, it's frustrating and still oddly likable.",1,1,1,1,1,"**Analyzing sentiment**

I need to analyze the sentiment of the provided text, which is informal. The text mentions something being ""kinda annoying"" but also states ""you still gotta like it,"" suggesting a mixed sentiment. The negative part indicates annoyance, but the acceptance hints at a positive slant overall. Since the ultimately favorable phrase implies positive sentiment, I conclude it’s leaning positive. So my final answer is 1, as per the instruction to only provide 0 or 1.",1,"**Evaluating sentiment classification**

I need to classify the sentiment of the text: ""like leon, it's frustrating and still oddly likable."" It's mixed, with ""frustrating"" being negative and ""likable"" positive. It seems that overall, the positive sentiment leans due to ""likable."" The wording ""still"" suggests that despite the frustration, there’s something positive. So, I’ll choose 1 for the overall sentiment. I’m wondering if I should include ""Answer: 1"" in the output since the user seems to want just the number. **Deciding output format**

The user has included ""Answer:"" in the prompt, so I need to respond with just the number. Many evaluation tasks expect a clean answer, typically a single number. Therefore, I’ll provide ""1"" as my answer without any additional text or explanation. Keeping it simple should align with what the user wants, ensuring clarity and straightforwardness in my response. It's all about making it as user-friendly as possible!",casual,modified to use more casual/informal language,casual,33
"so stupid, it's shocking and totally boring.","stultifyingly, dumbfoundingly, mind-numbingly bad.",0,0,0,0,0,"**Analyzing sentiment**

I need to analyze the sentiment of the provided text, which is clearly negative. It says ""so stupid, it's shocking and totally boring."" The user has requested that I respond with a 0 for negative sentiment and a 1 for positive sentiment. So, I’ll keep it simple and just provide ""0"" without any extra text or formatting. I think I've got it handled!",0,"**Determining output value**

I need to provide a simple output of 0 for negative or 1 for positive. The phrase ""stultifyingly, dumbfoundingly, mind-numbingly bad"" is clearly negative, so I'll go with 0. The user mentioned ""Answer:"", which signals they expect just 0 or 1. I’ll make sure to stick to that. Since it contains ""bad"" with strong negative adverbs, 0 is definitely the right choice. I'll proceed with just that.",casual,modified to use more casual/informal language,casual,34
"cuz of this and only this \u2013 the strong, stuck-up beliefs it's got \u2013 chelsea walls totally deserves a medal.","for this reason and this reason only -- the power of its own steadfast, hoity-toity convictions -- chelsea walls deserves a medal.",1,1,1,1,1,"**Analyzing sentiment complexity**

I'm trying to determine the overall sentiment of the text, which mentions Chelsea Walls deserving a medal. It could be expressing praise for strong convictions but calling them ""stuck-up"" suggests pretentiousness. The phrase ""deserves a medal"" could be sarcastic or sincere, yet sentiment analysis often labels it positively. Still, the negative word ""stuck-up"" typically leads to a negative classification. Given the context, I interpret it as sarcastic, suggesting that the film's only redeeming quality might actually be viewed negatively. **Deciding sentiment score**

I'm considering whether the instruction specifies that the text uses casual language. The phrase indicates that Chelsea Walls has strong but ""stuck-up"" beliefs. While it could praise those convictions, ""stuck-up"" is a negative term. If that’s the only reason for deserving a medal, it implies some positivity overall, although ""stuck-up"" introduces nuance. Generally, sentiment analysis would recognize ""Chelsea Walls totally deserves a medal"" as positive. I’ll lean towards a score of 1. Final answer: 1.",1,1,casual,modified to use more casual/informal language,casual,35
"it's super spooky, totally freaks you out, jumps at you and grabs ya; you just can't peel your eyes off it.","it haunts, horrifies, startles and fascinates; it is impossible to look away.",1,1,1,1,1,"**Analyzing sentiment**

I need to focus on analyzing the sentiment of the provided text, which clearly describes something spooky and engaging, likely a horror movie or attraction. The phrases ""super spooky"" and ""can't peel your eyes off it"" suggest a positive aspect, while ""totally freaks you out"" could lean negative depending on context. Still, since I'm directed to classify sentiment as either negative or positive, I'll keep in mind the overall captivating nature of the text. **Classifying sentiment**

I'm observing the overall sentiment to be somewhat positive, particularly in a horror context. The phrase ""can't peel your eyes off it"" indicates that it's gripping, while ""jumps at you and grabs ya"" adds an energetic vibe. Given the enthusiastic tone, many sentiment models might classify this as positive. Even though there are some negative words like ""spooky"" or ""freaks you out,"" the final strong positive statement sways me. So, I choose 1 for the sentiment classification.",1,"**Classifying sentiment**

I need to classify sentiment as positive or negative based on the provided text. The words ""haunts, horrifies, startles"" seem negative, but then ""fascinates; impossible to look away"" suggests something positive, like a review of a horror film. I see that it's mixed but mostly positive. Typically, reviews on sites like Rotten Tomatoes would mark this kind of language as positive. So, I’ll go with a classification of “1” for positive sentiment.",casual,modified to use more casual/informal language,casual,36
"i feel for these families, but the movie kinda sucks at showing what's really going on.","i sympathize with the plight of these families, but the movie doesn't do a very good job conveying the issue at hand.",0,0,0,0,0,"**Analyzing sentiment**

I need to break down the sentiment in the user's statement. They express empathy for families, which feels positive, but then they say the movie ""kinda sucks,"" indicating overall negativity. So, while there's some positive sentiment, the dominant feeling is negative. The task requires me to assign a 0 for negative and 1 for positive, and in this case, the clear choice is ""0."" I shouldn't include any extra words — just ""0.""",0,"**Classifying sentiment**

I'm tasked with classifying sentiment in the provided text. It expresses sympathy towards families but critiques the movie itself, leading to an overall negative sentiment. So, the sentiment analysis indicates that the answer should be 0 based on the user’s instructions to output just a single digit. There's no additional formatting needed, just simplicity in the response. I'll confirm that I’ll provide ""0"" without any extras.",casual,modified to use more casual/informal language,casual,37
"nothing's on the line, just a predictable double-cross you can spot from a mile off \u2013 but hey, the copycat Nine Queens is still a blast.","nothing's at stake, just a twisty double-cross you can smell a mile away -- still, the derivative nine queens is lots of fun.",1,1,1,1,1,"**Classifying sentiment**

I need to determine sentiment classification, where 0 is negative and 1 is positive. The text suggests mixed feelings: it criticizes the predictability and low stakes, yet still calls ""copycat Nine Queens"" a blast. Overall, I think the sentiment leans positive since it highlights enjoyment. So, my final classification for this text will be 1. I’ll make sure to keep it minimal and only output ""1"" - just as instructed!",1,"**Classifying sentiment**

I need to determine the sentiment of a movie review. The text contains both negative descriptors like ""derivative"" and ""you can smell a mile away,"" but also states, ""lots of fun,"" which is positive. The overall sentiment seems to lean positive, especially with the summary remark. The prompt specifies to answer with either 0 for negative or 1 for positive. I’ll just provide “1” as my answer without any extra text.",casual,modified to use more casual/informal language,casual,38
and that's a huge reason why we hit the movies.,and that's a big part of why we go to the movies.,1,1,1,1,1,1,1,"**Evaluating sentiment**

I realize we need to provide a numerical answer of either 0 or 1. The text expresses a positive or neutral-to-positive sentiment about why people go to the movies. Since there's no negative phrasing, it makes sense to select ""1"" as the answer. I need to be cautious and ensure I'm providing only the numeric digit, so I'll confidently go with ""1.""",casual,modified to use more casual/informal language,casual,39
"a super packed, full of references movie, and a bold comeback that can totally hang with jean-luc godard's best stuff.","a densely constructed, highly referential film, and an audacious return to form that can comfortably sit among jean-luc godard's finest work.",1,1,1,1,1,"**Analyzing sentiment**

I need to analyze the sentiment of the text, which is clearly positive. It refers to a ""super packed"" movie with good references and a bold comeback compared to Jean-Luc Godard's best work. Since there are no negative elements, I should output ""1"" as instructed, confirming it's a positive sentiment. The detail about the lowercase ""Jean-Luc"" isn’t essential. So, my final output will simply be: ""1"".",1,"**Analyzing sentiment**

I need to analyze sentiment in the provided text. It describes a film as “densely constructed” and “highly referential,” while also being a “return to form” that ranks among Godard's best work, which feels very positive. The instruction specifies to respond with a “0” for negative and “1” for positive. So, my output will just be “1” without any extra commentary. I’ll make sure to return exactly that!",casual,modified to use more casual/informal language,casual,40
"the kids will probs stay entertained with all the bright, colorful characters.","thekids will probably stay amused at the kaleidoscope of big, colorful characters.",1,1,1,1,1,"**Determining sentiment**

I need to evaluate the sentiment of the sentence provided. ""The kids will probs stay entertained with all the bright, colorful characters"" sounds positive since there are no negative words present. They specified to answer with a 0 or 1, so I should output just ""1."" I want to double-check for any subtleties in the phrasing, but it seems clear that it's positive. So, I’ll return ""1.""",1,"**Performing sentiment analysis**

I need to do a sentiment analysis where I return a 0 for negative and a 1 for positive. The text describes how kids will likely stay amused by a kaleidoscope of colorful characters. Even though there's a bit of a typo with ""thekids,"" the overall tone is positive, highlighting ""amused"" and ""colorful."" So I'd say the output should definitely be ""1."" I want to ensure that I only provide ""1"" and nothing else.",casual,modified to use more casual/informal language,casual,41
just as tacky as the name sounds.,as unseemly as its title suggests.,1,1,0,0,0,"I'm analyzing the sentiment of the text ""just as tacky as the name sounds."" It clearly conveys negative sentiment, so I need to output ""0"". The instructions are to provide only ""0"" for negative and ""1"" for positive sentiment. Since it's explicitly asking for an answer, I feel good about sticking to just ""0"" without any extra text.",0,"**Classifying sentiment**

I'm thinking about how to classify sentiment based on the text provided. For the phrase ""as unseemly as its title suggests,"" it definitely sounds negative. The word ""unseemly"" feels distinctly negative to me, so I’ll assign it a value of 0. It’s important to keep things straightforward, so I’ll make sure to output just that number with no extra words. It's all about clarity! So, I'll go with 0.",casual,modified to use more casual/informal language,casual,42
just proves that gut feeling that ethan hawke would totally suck more at directing than acting.,confirms the nagging suspicion that ethan hawke would be even worse behind the camera than he is in front of it.,0,0,0,0,0,,0,,casual,modified to use more casual/informal language,casual,43
"richard gere and diane lane were great, and so was that French guy oliver martinez!",richard gere and diane lane put in fine performances as does french actor oliver martinez.,1,1,1,1,1,,1,1,casual,modified to use more casual/informal language,casual,44
a clever and funny sequel.,"a smart, witty follow-up.",1,1,1,1,1,"**Determining sentiment**

I need to assess the sentiment described as ""a clever and funny sequel,"" which indicates a positive sentiment. It looks like the task is straightforward: I should output ""1"" since they only want a binary response — either 0 or 1 — with no extra wording. So, my final answer will simply be: 1.",1,"**Classifying sentiment**

I’m tasked with classifying sentiment as either positive or negative. The text says, ""a smart, witty follow-up,"" which is clearly positive. The instructions specify to respond with either 0 or 1, without any extra text. So, I’ll keep it straightforward and conclude that the final answer is 1.",casual,modified to use more casual/informal language,casual,45
"birthday girl is a fun rollercoaster, with some shockingly rough spots.","birthday girl is an amusing joy ride, with some surprisingly violent moments.",1,1,1,1,1,"**Determining sentiment classification**

I need to categorize the sentiment of the phrase: ""birthday girl is a fun rollercoaster, with some shockingly rough spots."" It seems to present mixed feelings; while ""fun rollercoaster"" leans positive, ""shockingly rough spots"" introduces negativity. Although it suggests some issues, I think the overall experience is likely positive. Many sentiment tasks favor binary classifications, often defaulting to positive when praise predominates. So, I’ll classify this as positive and indicate that with a ""1.""",1,"**Assessing sentiment**

I need to determine if the sentiment of the text is positive or negative. The phrase “birthday girl is an amusing joy ride” feels positive, while “surprisingly violent moments” casts a slight shadow, but overall, I think it leans positive. Since it seems predominantly favorable, my answer will be 1. I just need to confirm that I provide “1” only, without extra text, as instructed! Let's deliver that.",casual,modified to use more casual/informal language,casual,46
a kinda funny flick that'll probs catch the eye of'Malcolm in the Middle' fans and peeps who dig Frankie Muniz.,"a fitfully amusing romp that, if nothing else, will appeal to fans of malcolm in the middle and its pubescent star, frankie muniz.",1,1,1,1,1,1,1,,casual,modified to use more casual/informal language,casual,47
"corpus collosum -- gotta say it's kinda cool -- but it just dragged on and I was over it way before the end credits, like 45 mins in.",corpus collosum -- while undeniably interesting -- wore out its welcome well before the end credits rolled about 45 minutes in.,0,0,0,0,0,"**Evaluating sentiment classification**

I need to classify the sentiment of the text mentioning ""corpus collosum."" It says it’s ""kinda cool,"" but then complains that it dragged on and the speaker was over it before the end. Overall, the sentiment is negative. The task is to provide a score of ""0"" for negative and ""1"" for positive, and I should just give ""0"" without any extra comments. So I’ll respond with ""0"" only!",0,"**Deciding on the answer**

I'm working on producing a simple output of either 0 or 1 based on the sentiment analysis of the text. The phrase ""wore out its welcome"" implies a negative sentiment despite the ""undeniably interesting"" part. Overall, it suggests a negative view, so I'm concluding that the answer should be 0. I need to ensure there's no extra formatting or information, just the number as expected.",casual,modified to use more casual/informal language,casual,48
"byler shows off his characters in a way that grabs our attention and is super interesting, without making it just a cheesy soap opera.","byler reveals his characters in a way that intrigues and even fascinates us, and he never reduces the situation to simple melodrama.",1,1,1,1,1,"I'm thinking about the output requirements: I need to deliver either a ""1"" or a ""0"" based on whether the text is engaging and interesting. It seems like the text successfully showcases characters in a captivating manner without descending into cheesy territory, which is definitely a positive. Thus, I'll go ahead and output ""1"" as instructed. No extra explanation needed here!",1,"**Classifying sentiment**

I'm working on classifying sentiment as either 0 for negative or 1 for positive. I see the text states that “byler reveals his characters in a way that intrigues and even fascinates us, and he never reduces the situation to simple melodrama.” That definitely sounds positive! So my answer should simply be ""1."" I'll make sure to output just that without any extra details. Got it!",casual,modified to use more casual/informal language,casual,49
"still gets ya in the feels, lifts you up and cracks you up just like always.","just as moving, uplifting and funny as ever.",1,1,1,1,1,"**Classifying sentiment**

I need to classify the sentiment as either negative (0) or positive (1). The sentence says it ""still gets ya in the feels,"" which is emotional, and it mentions ""lifts you up"" and ""cracks you up,"" both of which are clearly positive. I'll confirm that this aligns consistently with positive sentiment. Therefore, the answer is 1. I'll just return ""1"" without any extra text, since that's what they want!",1,,casual,modified to use more casual/informal language,casual,50
"super exciting and straight-up, with ghost stuff that's just enough to keep us on edge.","exciting and direct, with ghost imagery that shows just enough to keep us on our toes.",1,1,1,1,1,"**Classifying sentiment**

I'm focusing on classifying the sentiment in the text: ""super exciting and straight-up, with ghost stuff that's just enough to keep us on edge."" It seems clearly positive since ""super exciting"" and ""straight-up"" both convey positivity, while ""keep us on edge"" implies a thrilling experience. The instruction indicates that I should output ""1"" for positive sentiment without any extra text or punctuation. So, the final output will simply be ""1"".",1,"**Classifying sentiment**

I need to classify the sentiment of the sentence provided. It feels positive based on phrases like ""exciting and direct"" and the use of ""ghost imagery"" that keeps us engaged. The user specified to answer with ""0"" for negative and ""1"" for positive. Since I’m concluding the sentiment is positive, I’ll output ""1"" since that's what they want for easy parsing. I'll keep it minimal and straightforward!",casual,modified to use more casual/informal language,casual,51
"late marriage is so stiff, it probably won't have the emotional punch to really wow American audiences.",late marriage's stiffness is unlikely to demonstrate the emotional clout to sweep u.s. viewers off their feet.,0,0,0,0,0,"**Determining sentiment output**

I see that we need to decide on a sentiment score based on the text provided. The phrase suggests a negative critique of late marriage, indicating it might not resonate well with American audiences. Since this points to a negative sentiment, the appropriate output is ""0."" I realize we just need to keep it simple and straightforward, providing no extra text besides the number. So, I'll go with just ""0.""",0,"**Analyzing text sentiment**

I need to determine the sentiment of the review sentence: ""late marriage's stiffness is unlikely to demonstrate the emotional clout to sweep U.S. viewers off their feet."" It clearly expresses negative sentiment, which means I should assign a value of 0 for negative and 1 for positive. So, my answer is simply: 0. Now, I just need to make sure to deliver that without any extra commentary.",casual,modified to use more casual/informal language,casual,52
"amazing critters, awesome views, and huge fight scenes make for another'spectacular show'.","awesome creatures, breathtaking scenery, and epic battle scenes add up to another ` spectacular spectacle. '",1,1,1,1,1,"**Analyzing sentiment**

I need to analyze the sentiment of the text: ""amazing critters, awesome views, and huge fight scenes make for another'spectacular show."" This text is definitely positive because of the adjectives: amazing, awesome, and spectacular. I notice there's a typo with ""another'spectacular show."" However, my task is to output only a 0 or 1 based on sentiment. Since it’s positive, I’ll just provide ""1"" as my final answer.",1,"**Classifying sentiment**

I need to classify the sentiment of the text, where 0 means negative and 1 means positive. The text says ""awesome creatures, breathtaking scenery, and epic battle scenes add up to another spectacular spectacle."" This definitely conveys a positive sentiment, so I need to answer with ""1"". I want to make sure there's no extra formatting, just the number ""1"". I’m confident the language is positive, so I’ll return that!",casual,modified to use more casual/informal language,casual,53
"it's just some fun eye-candy and mindless brain tickles, nothing more.",it offers little beyond the momentary joys of pretty and weightless intellectual entertainment.,0,0,0,0,0,"**Analyzing sentiment**

I'm analyzing sentiment for a text describing something as ""fun eye-candy"" and ""mindless brain tickles."" That creates a mixed impression. The phrase ""fun eye-candy"" leans slightly positive, while ""mindless brain tickles, nothing more"" feels dismissive and more negative. Overall, it seems somewhat neutral to slightly negative due to the dismissive tone. While the fun aspect might suggest positivity, the trivializing nature could classify it more as negative. So, it's a challenging balance! **Deciding on sentiment classification**

I noticed that ""fun eye-candy"" is often associated with low ratings like 2/5 stars, which typically indicates a negative sentiment. Since the instruction calls for a binary answer of either 0 or 1, I think I should choose 0, reflecting that negative sentiment. The phrasing suggests it shouldn't be taken seriously, so my final answer will simply be ""0"" without any extra words—keeping it straightforward!",0,"**Classifying sentiment**

I’m analyzing the sentiment of the sentence: ""it offers little beyond the momentary joys of pretty and weightless intellectual entertainment."" It sounds slightly negative to me, as it feels dismissive, leading me to consider it a 0. The user specified to answer with just ""0"" for negative sentiment, so I’ll stick to that format, avoiding any extra spaces or formatting. My answer will simply be 0.",casual,modified to use more casual/informal language,casual,54
"it's not some over-the-top, beat-driven city flick, it's just a down-to-earth, socially sharp look at real life.","instead of a hyperbolic beat-charged urban western, it's an unpretentious, sociologically pointed slice of life.",1,1,1,1,1,"**Labeling sentiment**

I'm looking to label sentiment as either 0 for negative or 1 for positive. The provided text seems to praise the film as down-to-earth and socially sharp, which indicates a positive sentiment. There's a negation, but it reinforces the praise rather than detracts from it. So, my conclusion is that the sentiment is positive, and I should output ""1."" Just to keep it concise, I'll ensure the output is exactly ""1.""",1,"**Classifying sentiment**

It seems I need to classify sentiment as either 0 for negative or 1 for positive. The text describes something as ""unpretentious"" and ""sociologically pointed,"" which gives off a positive vibe. So, my interpretation is leaning toward positive here. I’ll go ahead and answer with ""1"" because it reflects that sentiment accurately. Just to keep it simple, I'll provide exactly ""1"" without any additional formatting.",casual,modified to use more casual/informal language,casual,55
"the cast's got a ton of energy, feels like they're having a blast and it's just right!","there's... tremendous energy from the cast, a sense of playfulness and excitement that seems appropriate.",1,1,1,1,1,"**Determining sentiment**

I'm analyzing the sentiment of the text: ""the cast's got a ton of energy, feels like they're having a blast and it's just right!"" This definitely sounds positive. So, the answer should be 1, as the instruction says to use ""0"" for negative and ""1"" for positive. I think it’s clear here that I should just output ""1"" without any extra formatting. That's what I'll do!",1,"**Classifying sentiment**

I have a sentiment classification task where I need to output either 0 or 1. The text indicates a positive sentiment: ""There's tremendous energy from the cast, a sense of playfulness and excitement that seems appropriate."" So, I'm clearly identifying this as positive. I need to remember that I should just output 1, without any extra formatting or words, and I need to skip punctuation or newlines since there’s an ""Answer:"" tag already.",casual,modified to use more casual/informal language,casual,56
it's just fluff.,it's just filler.,0,0,0,0,0,,0,"**Analyzing sentiment**

I need to analyze the sentiment of the phrase ""it's just filler."" It seems to convey a negative tone, so I should decide on a score of 0. The user's instruction is clear: I need to provide only “0” for negative or “1” for positive. Given this context, my final output will be ""0,"" without adding any extra text. It’s important to follow that guideline closely!",casual,modified to use more casual/informal language,casual,57
paints some cool pics... but makhmalbaf kinda stays away from the peeps,"does paint some memorable images..., but makhmalbaf keeps her distance from the characters",1,1,0,0,0,"I’m tasked with determining the sentiment of a phrase. The phrase has parts that are positive and parts that are critical, suggesting mixed sentiments. Since the instruction is to provide a binary sentiment, and given that the negative part seems to dominate due to the ""but"" structure, I’ll conclude that the sentiment is negative. Therefore, I’ll output ""0"" since that best corresponds with the overall assessment without adding extra commentary.",0,"I'm analyzing the text, which mentions memorable images but also a critical viewpoint about the distance from characters. This feels like a mixed review, leaning towards the negative due to the presence of ""but."" Many classification systems would likely interpret this as a negative sentiment. So my conclusion is to deliver the output ""0,"" indicating a negative review. I’ll stick to the requirement of outputting only ""0"" or ""1."" So the final output is 0.",casual,modified to use more casual/informal language,casual,58
just plays a harmless game of fill-in-the-blanks with a sad backstory.,does little more than play an innocuous game of fill-in - the-blanks with a tragic past.,0,0,0,0,0,"**Classifying sentiment**

I need to classify sentiment as 0 or 1 based on the text provided. The phrase mentions ""harmless"" and ""sad backstory,"" which seems to lean towards negative sentiment. The wording ""just plays a harmless game..."" comes off as trivial or dismissive, and the ""sad backstory"" suggests a negative feel as well. So, it looks like I should go with ""0"" for the sentiment. I'll keep it simple and just output ""0"" with no additional formatting.",0,"**Analyzing sentiment**

I need to analyze the sentiment of the statement: ""does little more than play an innocuous game of fill-in-the-blanks with a tragic past."" That definitely sounds negative. The instructions say to respond with 0 for negative and 1 for positive, so I'll output 0. I have to double-check: the critical tone hints at being dismissive, confirming it's negative. So, I’ll just return ""0"" without any extra formatting or explanation.",casual,modified to use more casual/informal language,casual,59
"it's done super serious-like, barely any jokes to make it fun.","it's played in the most straight-faced fashion, with little humor to lighten things up.",0,0,0,0,0,,0,"**Classifying sentiment**

I'm tasked with classifying the sentiment of a piece of text. It describes a movie as lacking humor and being played in a very serious way, which indicates a negative sentiment. While it's not excessively harsh, it still critiques the movie. I’ll assign it a score of 0, as per instructions. I need to ensure I provide only ""0"" or ""1"" in the output. So, the final answer will simply be ""0"".",casual,modified to use more casual/informal language,casual,60
"grown-ups will wish the flick was less basic, in-your-face, awkwardly put together and kinda flat in the character department.","adults will wish the movie were less simplistic, obvious, clumsily plotted and shallowly characterized.",0,0,0,0,0,"**Sentiment analysis decision**

I need to analyze sentiment from the given text. It's clearly negative, as it complains about the film being basic and having flat characters. The text suggests that ""grown-ups will wish"" the film had more depth, which reinforces the criticism. So, the evaluation is straightforward: I should output ""0"" without any additional formatting. I want to ensure there's no confusion around the sentiment, and it's definitely leaning negative. Let's confirm that and proceed.",0,"**Analyzing sentiment output**

I’m working on analyzing the sentiment of the text provided. The review indicates negative feelings, with phrases that criticize the film for being simplistic and poorly plotted. It’s clear this is a negative sentiment, so I’ll assign a score of 0. I need to ensure my output is just ""0,"" without any unnecessary words or trailing spaces. So, I’ll go ahead and finalize that as my answer!",casual,modified to use more casual/informal language,casual,61
that's a nice shout-out to Kuras and Miller.,that is a compliment to kuras and miller.,1,1,1,1,1,"**Determining sentiment**

I need to determine the sentiment of the text ""that's a nice shout-out to Kuras and Miller."" It seems positive based on the phrase ""nice shout-out,"" so I should return a 1. I need to remember to provide just the number with no extra text, as they simply requested ""Answer:."" So, the right response is ""1,"" though I still want to double-check for any nuance, just to be thorough.",1,"**Classifying sentiment**

I need to determine the sentiment of the text snippet, which mentions ""that is a compliment to."" Compliments are typically seen as positive, so I can conclude that the sentiment is indeed positive. Therefore, the answer should be 1. I’ll keep it concise and avoid any extra words—just providing the sentiment score of 1.",casual,modified to use more casual/informal language,casual,62
a movie about a dude finding god that really hits you in the feels.,a film about a young man finding god that is accessible and touching to the marrow.,1,1,1,1,1,"**Determining sentiment response**

I need to output either 0 or 1 based on the sentiment of the given text. The text describes a movie about a person finding God and mentions that it really hits you in the feels. This phrase usually conveys positive or emotionally moving sentiments. Since ""finding God"" isn't negative, it seems clear that the overall sentiment is positive. Therefore, my answer should be 1 to indicate this positive sentiment.",1,"**Deciding on output**

I need to come up with an output of either 1 or 0 based on the text provided. The description mentions a film about a young man finding God, which feels very positive and touching. Since the sentiment sounds uplifting, my output will be ""1"" — just keeping it simple with no extra words, as instructed!",casual,modified to use more casual/informal language,casual,63
"if steven soderbergh's `solaris' flopped, it's still an epic fail.",if steven soderbergh's ` solaris ' is a failure it is a glorious failure.,1,1,0,1,0,"**Analyzing sentiment**

I need to perform sentiment analysis, where 0 is negative and 1 is positive. The phrase “if Steven Soderbergh's `Solaris` flopped, it's still an epic fail” seems negative because it includes ""epic fail."" But I need to determine if it's hypothetical or not. Since it says ""if it flopped,"" I can conclude that it indicates negative sentiment overall. So, I will output 0. Just a clear ""0"" without any extra formatting or comments!",1,,casual,modified to use more casual/informal language,casual,64
chokes and stumbles on its own fancy gimmick.,coughs and sputters on its own postmodern conceit.,0,0,0,0,0,"**Classifying sentiment**

I need to classify the sentiment of the provided text as either negative or positive, using 0 for negative and 1 for positive. The text I’ve received describes something that ""chokes and stumbles on its own fancy gimmick,"" which is clearly negative. So, my output should just be 0. The instruction emphasizes that I only need to respond with 0 or 1, but the modification to casual language doesn't affect my final answer: 0 it is!",0,"**Determining output**

I have to decide whether to output 0 or 1 based on the sentence. The description ""coughs and sputters on its own postmodern conceit"" feels negative, which makes me lean toward 0. I think it’s best to keep things simple and just output the single digit 0 without any extra commentary. That seems like the straightforward choice here!",casual,modified to use more casual/informal language,casual,65
my big fat greek wedding is all about using those cliches in a super fun mix of cute romance and humor that's served up with love.,my big fat greek wedding uses stereotypes in a delightful blend of sweet romance and lovingly dished out humor.,1,1,1,1,1,"I'm focusing on providing a clear response by sticking to the instructions. The goal here is quite straightforward: since the text is positive, I need to output ""1."" It's essential that I follow the format exactly, without extra punctuation or words—just the single digit ""1."" This will help maintain clarity and precision in the response. Alright, I'll go ahead and do that! 

1",1,"I'm thinking that I need to produce an output of either 1 or 0 based on the provided text. The statement mentions that ""my big fat greek wedding"" uses stereotypes in a way that's enjoyable, combining romance with humor. That's certainly a positive assessment. Given that, I can confidently answer ""1."" I'll make sure to keep it simple and straightforward, just stating ""1"" without any extra commentary.",casual,modified to use more casual/informal language,casual,66
a cool mix of stories in a movie that's sometimes better as an idea than how it actually plays out.,an intriguing cinematic omnibus and round-robin that occasionally is more interesting in concept than in execution.,1,1,0,0,0,"**Deciding on output classification**

I'm trying to figure out how to classify a text based on its sentiment. The review mentions that the movie has a ""cool mix of stories,"" which sounds positive, but then it suggests the idea is better than the execution, hinting at disappointment. This makes me think the overall impression is slightly negative. The guidelines specify using 0 for negative and 1 for positive, so I’ll just conclude it's a 0 for negative sentiment.",0,"**Evaluating sentiment classification**

I’m working on a sentiment classification task. The text says it’s “an intriguing cinematic omnibus” but also points out it can be “more interesting in concept than in execution.” This suggests a mild criticism, though it leans positive overall. In the Rotten Tomatoes style, the review could be considered fresh, yet phrases like “more interesting in concept” typically carry a negative connotation. I need to decide how to classify this based on the binary scale provided. **Determining sentiment polarity**

I’m analyzing the word “intriguing,” which adds a positive flair, but then the phrase “occasionally is more interesting in concept than in execution” suggests that the execution might be lacking. The adverb ""occasionally"" softens the critique, but it's still a concern. It implies that while the concept shines, the execution doesn't always meet expectations. Since this phrase often gets labeled as negative in sentiment classification models, I’d classify it as 0, or negative, based on the binary scale.",casual,modified to use more casual/informal language,casual,67
"a sci-fi mashup that's so unoriginal, if you took out all the stuff it copied, there'd be barely anything left.",a science-fiction pastiche so lacking in originality that if you stripped away its inspirations there would be precious little left.,0,0,0,0,0,,0,"I'm classifying sentiment as negative or positive and outputting either 0 or 1. For the sentence, ""a science-fiction pastiche so lacking in originality that if you stripped away its inspirations there would be precious little left,"" it's clearly negative. So, I’ll output 0. I just need to provide ""0"" without any extra text or formatting. Let's keep it minimal and precise, which seems like the right approach here.",casual,modified to use more casual/informal language,casual,68
don't get tricked by the big-name actors - eye see you is total trash.,don't be fooled by the impressive cast list - eye see you is pure junk.,0,0,0,0,0,"**Analyzing sentiment**

I need to perform sentiment analysis on the text: ""don't get tricked by the big-name actors - eye see you is total trash."" It seems negative overall. The instruction is to respond with 0 for negative and 1 for positive, so I’ll confirm that the sentiment is indeed negative. I'll return just ""0"" without extra information to ensure compliance with the request since they only want a numeric answer.",0,0,casual,modified to use more casual/informal language,casual,69
the cold turkey woulda been a way better name lol,the cold turkey would've been a far better title.,0,0,1,0,1,"**Analyzing sentiment**

I need to determine the sentiment of the statement: ""the cold turkey woulda been a way better name lol."" This phrase suggests a preference for ""cold turkey"" over the chosen name, so it seems somewhat critical. While ""lol"" adds a light-hearted touch, the overall sentiment leans negative because it expresses dissatisfaction with the current name. It implies that the speaker finds the existing name lacking. Even if ""better"" indicates positivity, the comparison hints at negativity toward the baseline choice. **Determining sentiment**

The phrase ""way better"" sounds positive, and ""woulda been a way better name lol"" doesn't have any overtly negative words. It seems to express a positive sentiment about ""the cold turkey"" name. Without context, it could default to a positive interpretation. The instruction is clear: I should analyze the sentiment and answer with either 0 for negative or 1 for positive. Many datasets categorize ""better"" as positive, so I’ll conclude that the sentiment is indeed positive. I'll output just ""1.""",0,"**Classifying sentiment**

I need to classify the sentiment as either negative or positive based on the given text. The phrase ""the cold turkey would've been a far better title"" suggests a critique, indicating negative sentiment. It clearly expresses dissatisfaction with the current title. Although it’s a small negative sentiment, I’ll conclude that the overall sentiment is negative, so I’ll output ""0"" without any additional text.",casual,modified to use more casual/informal language,casual,70
one of the coolest deep-dives into feeling like an outsider this year.,among the year's most intriguing explorations of alientation.,1,1,1,1,1,"**Classifying sentiment**

I need to categorize the sentiment as either 0 for negative or 1 for positive. The text mentions ""one of the coolest deep-dives,"" which sounds positive. Although it discusses the feeling of being an outsider, the overall sentiment is positive concerning the deep-dive. So, I should answer with 1. The prompt suggests I should output just the number, so I'll finalize my answer as 1.",1,"**Classifying sentiment**

I need to determine the sentiment of the text, which mentions ""among the year's most intriguing explorations of alienation."" There's a typo, ""alientation,"" which should be ""alienation."" However, the overall sentiment is positive since ""most intriguing"" indicates praise. Based on this, my conclusion is that the sentiment is positive, which translates to a classification of 1. I should remember to output just the number without any punctuation. So, that's 1.",casual,modified to use more casual/informal language,casual,71
it's totally crazy in a good way!,it's a beautiful madness.,1,1,1,1,1,"**Analyzing sentiment response**

I see that we need to analyze the sentiment as positive with the phrase, ""it's totally crazy in a good way!"" The instruction is clear: I should output just ""1"" with an ""Answer:"" prefix. The prompt specifies using ""0"" for negative and ""1"" for positive sentiment, so it seems I just need to put ""Answer: 1"" without any extra commentary. Alright, I’ll stick to that and ensure there’s no additional text.",1,"**Interpreting sentiment**

I need to interpret the sentiment from the user's request. The phrase ""it's a beautiful madness"" has elements of positivity with ""beautiful,"" but ""madness"" might suggest something negative. However, this phrase is often used to describe a romanticized chaos that feels positive overall. So, it seems the sentiment is likely positive. Therefore, I'll respond with just ""1"" as instructed, with no extra text or formatting.",casual,modified to use more casual/informal language,casual,72
one of the smarter kids' movies to come out this year.,one of the more intelligent children's movies to hit theaters this year.,1,1,1,1,1,"I see that I need to classify sentiment based on the text provided. The phrase clearly expresses a positive sentiment, so I determine it's a ""1."" The user specifically asked for just ""0"" or ""1"" with no extra comments needed. I should simply respond with ""1"" without any additional words since that's what they're expecting after ""Answer:"". Keeping it straightforward is key here, so I'm ready to provide just that. 

Answer: 1",1,"I'm looking at how to provide a straightforward answer based on the text. The instruction is clear: I need to output ""1"" for positive feedback. The text describes a children's movie as one of the more intelligent ones to hit theaters this year, so that's definitely a positive sentiment. I just need to provide that ""1"" and not include any extra text or details. That's the plan!",casual,modified to use more casual/informal language,casual,73
just way too bored to give a darn.,i'm just too bored to care.,0,0,0,0,0,"**Evaluating sentiment response**

I need to perform sentiment analysis on the text: ""just way too bored to give a darn."" That clearly conveys a negative sentiment, like boredom and apathy, so I should respond with ""0"" as instructed. It's important to remember that the user expects just the number without any additional text. I’ll make sure to just output ""0"" without adding anything extra.",0,"**Analyzing sentiment**

I'm thinking that I need to analyze the sentiment of the text: ""I'm just too bored to care."" It clearly expresses negative sentiment since the words bored and apathetic indicate a lack of interest. According to the instructions, I should respond with a ""0"" for negative sentiment. So, my answer will be simply ""0"" without any extra text. Let's finalize that!",casual,modified to use more casual/informal language,casual,74
"this script's pretty good, dialogue's cool, and it's even funny for grown-ups.","this is a good script, good dialogue, funny even for adults.",1,1,1,1,1,"**Analyzing sentiment**

I need to analyze the sentiment of the given text. The comments are definitely positive, mentioning phrases like ""pretty good,"" ""cool,"" and ""funny."" All these positive indicators point to a sentiment score of ""1."" Since the user wants only a simple output of either 0 or 1, I’ll just provide ""1"" without any extra formatting or embellishments. It’s straightforward, so I’ll keep it simple!",1,,casual,modified to use more casual/informal language,casual,75
freaking out is just not fun at all.,nervous breakdowns are not entertaining.,0,0,0,0,0,"**Classifying sentiment**

I need to classify the sentiment of the text: ""freaking out is just not fun at all."" Clearly, that's a negative sentiment, so I’ll assign it a 0. The instructions specify to output 0 for negative and 1 for positive sentiments. I want to make sure I follow the guidelines, so I’ll avoid any extra formatting and just provide the result as ""0."" Simple and straightforward!",0,"**Determining sentiment values**

Alright, I need to assign a sentiment value: 0 for negative sentiment and 1 for positive sentiment. The text I'm analyzing says, “nervous breakdowns are not entertaining,"" which is clearly negative. So, I’ll determine that the output should indeed be 0. I’ll remember to only provide the number and no extra text, just keeping it simple!",casual,modified to use more casual/informal language,casual,76
"Stephen Rea, Aidan Quinn, and Alan Bates are Desmond's legal eagles, and when Brosnan joins in, just seeing this awesome foursome hanging out in nice Irish spots is pretty sweet, y'know?","stephen rea, aidan quinn, and alan bates play desmond's legal eagles, and when joined by brosnan, the sight of this grandiloquent quartet lolling in pretty irish settings is a pleasant enough thing, ` tis.",1,1,1,1,1,,1,,casual,modified to use more casual/informal language,casual,77
"light years ahead, like warp speeds better, tons more dilithium crystals than that lame insurrection.",light years / several warp speeds / levels and levels of dilithium crystals better than the pitiful insurrection.,1,1,1,1,1,"**Analyzing sentiment**

I need to analyze the sentiment of the text. It mentions being ""light years ahead"" and ""warp speeds better,"" which expresses a positive sentiment. However, it also critiques ""that lame insurrection,"" likely referring to the film Star Trek: Insurrection, implying a negative sentiment about it. Overall, the positive sentiment seems to outweigh the negative regarding the comparison. So, I'll answer with ""1"" for positive. Although I do note that ""insurrection"" could be politically sensitive, it's used here in a specific context. **Classifying sentiment**

I realize this is about an entertainment review, not political content, which makes the question harmless. The task is to classify sentiment. Given it's about sentiment analysis, I understand I'm supposed to just output ""1."" I'll double-check that I provide exactly ""1,"" with no extra text or punctuation. The instruction specifies just to say ""1."" Alright, let's go with that!",1,"**Classifying sentiment**

I'm reviewing the sentiment of the text. It looks like it's positive since it's comparing something favorably to ""the pitiful insurrection,"" indicating it's ""light years better."" That definitely leans toward praise, possibly with a Star Trek reference. Since the sentiment is positive, I need to remember that the instruction says to respond with just a 0 or 1, so the final output should simply be 1.",casual,modified to use more casual/informal language,casual,78
just another blunt dive into the tough life by folks who've never really lived it.,another in-your-face wallow in the lower depths made by people who have never sung those blues.,0,0,0,0,0,"**Deciding sentiment classification**

I’m assessing the sentiment of the text, which seems negative overall. Phrases like ""just another blunt dive into the tough life"" and ""by folks who've never really lived it"" suggest criticism and dismissal. However, I should consider the possibility of a positive spin on ""blunt dive into the tough life,"" as it could be seen as praise for honesty. Despite that, the overall tone leans negative, so I’ll confidently conclude with a sentiment score of 0.",0,"**Deciding sentiment classification**

I need to classify sentiment as 0 for negative or 1 for positive. Analyzing the phrase, ""another in-your-face wallow in the lower depths made by people who have never sung those blues,” it feels quite negative. Words like ""in-your-face wallow"" suggest a critique and a lack of authenticity. So, my conclusion is 0. The user wants just the number without any extra text or punctuation, so I’ll go with ""0"" as the final answer.",casual,modified to use more casual/informal language,casual,79
"a wide, over-the-top chick flick that's pretty bad on its own.","a broad, melodramatic estrogen opera that's pretty toxic in its own right.",0,0,0,0,0,"**Classifying sentiment**

I'm looking at the sentiment classification here. The text describes a ""wide, over-the-top chick flick"" that it's ""pretty bad on its own,"" which clearly signals negativity. So, my output should be 0 in this case. I remember that the instruction specifies to provide just ""0"" without any additional wording or formatting. That makes it straightforward and clear. Alright, I'll output: ""0.""",0,"**Determining sentiment**

I need to figure out the sentiment of the provided text, which sounds pretty negative based on phrases like ""pretty toxic"" and ""melodramatic."" Those words suggest that it's a negative review. So, I’m deciding that the output should be ""0"" to represent the negative sentiment. Keep it simple with no formatting or explanation; just the output of ""0.""",casual,modified to use more casual/informal language,casual,80
"miramax should've just kept pinocchio away from everyone, not just the critics.","instead of hiding pinocchio from critics, miramax should have hidden it from everyone.",0,0,0,0,0,"**Determining sentiment response**

I need to produce either a 0 or a 1 based on sentiment analysis of the text. The statement suggests that “Miramax should've just kept Pinocchio away from everyone,"" which definitely conveys negative sentiment. It’s a review-type comment indicating the film should be avoided by all. So, according to the instructions, I’ll go with “0” for negative. No need for any extra explanation, just simply “0.”",0,"**Classifying sentiment**

I'm focusing on classifying the sentiment of the given text: “instead of hiding Pinocchio from critics, Miramax should have hidden it from everyone.” It has a negative sentiment based on the phrasing. I’ll mark it as negative, which means I should respond with just ""0"" for negative sentiment. There's no need for extra formatting or edge cases to consider. So, I'll keep it straightforward and conclude with just the number: 0.",casual,modified to use more casual/informal language,casual,81
the movie screws up big time: it wants us to give a damn about this dude whose only good point is that he's not as much of a jerk as the others in his life.,the film makes a fatal mistake: it asks us to care about a young man whose only apparent virtue is that he is not quite as unpleasant as some of the people in his life.,0,0,0,0,0,"**Deciding on output**

I'm looking at the text where it says, ""the movie screws up big time."" This suggests a negative experience, especially since it describes a character who isn't likable. The only good quality mentioned is that he's not as bad as others, which isn't a strong positive. So, I’m thinking the appropriate output here is definitely 0, with no additional text needed.",0,"**Classifying sentiment**

I need to classify the sentiment of the text. The statement reflects negative sentiment because it points out a fatal mistake in the film, stating that the main character's only virtue is being less unpleasant than others. Based on this analysis, my answer should simply be ""0"" to indicate the negative sentiment. I won't add any extra commentary or details; just the classification is necessary.",casual,modified to use more casual/informal language,casual,82
"keeps floating along like a dream with a bunch of corny coincidences and lush, tacky effects, and let's not forget Rebecca Romijn-Stamos.","sustains its dreamlike glide through a succession of cheesy coincidences and voluptuous cheap effects, not the least of which is rebecca romijn-stamos.",0,0,0,0,0,"**Classifying sentiment analysis**

I'm looking to classify the sentiment of a text as either negative or positive. The phrase ""keeps floating along like a dream"" seems positive at first glance, but ""a bunch of corny coincidences and lush, tacky effects"" clearly has a negative connotation. The mention of ""Rebecca Romijn-Stamos"" feels neutral. Overall, it seems like a critical review, so I’m deciding on a sentiment score of 0, indicating negativity. I'll stick with just outputting ""0"".",0,"**Analyzing sentiment**

I'm looking at the provided text to determine its sentiment. It mentions ""cheesy coincidences"" and ""cheap effects,"" which lean towards negative. The phrase “sustains its dreamlike glide” could be seen as mildly positive, but the overall tone seems negative. The mention of ""Rebecca Romijn-Stamos"" feels like a dig, suggesting her inclusion is part of the cheapness. So, considering all that, I'll classify this as negative sentiment and conclude with a score of 0.",casual,modified to use more casual/informal language,casual,83
this flick just drives me nuts,this movie is maddening.,0,0,0,0,0,"**Determining sentiment analysis**

I'm working on sentiment analysis for the text ""this flick just drives me nuts."" It uses informal language. I think ""drives me nuts"" generally has a negative connotation, especially in the context of a movie review. Even though it can be positive in romantic contexts, in this case, it suggests frustration. So, I’ll determine the sentiment is negative, which means I should output ""0"" based on the guidance.",0,"**Analyzing sentiment**

I need to analyze the sentiment of the statement: ""this movie is maddening."" The term ""maddening"" clearly conveys frustration or anger, which indicates a negative sentiment. The user has specified that I should answer with a 0 for negative sentiment and a 1 for positive sentiment. So, I’ll just keep it simple and provide ""0"" as the output without any additional text.",casual,modified to use more casual/informal language,casual,84
"not many movies get just right what little dudes dream about on the baseball diamond, and the big guys cheering from the bleachers.",few films capture so perfectly the hopes and dreams of little boys on baseball fields as well as the grown men who sit in the stands.,1,1,0,1,0,"**Classifying sentiment**

I need to classify the sentiment of the given text as either 0 for negative or 1 for positive. The text seems to discuss how few movies capture what kids dream about at the baseball diamond, and it looks like it's praising a specific movie. However, it doesn’t explicitly say that ""this one does."" So, while it leans towards a positive sentiment, the lack of that clear endorsement makes it tricky to fully classify. I should consider whether to lean toward positive or negative. **Evaluating sentiment classification**

The text makes a general observation that not many movies get it right, which leans neutral to slightly negative regarding films overall. However, sentiment classification often relies on context. On its own, the sentence may seem ambiguous. The phrase ""not many movies get just right"" suggests a subtle negative sentiment, but there aren't any positive aspects explicitly mentioned. Yet, phrases like ""dream about on the baseball diamond"" and ""cheering"" introduce positive elements. I need to weigh these factors to determine if the overall sentiment should be categorized as 0 or 1. **Determining sentiment classification**

The lack of an explicit statement like ""this film is one of them"" makes the sentiment ambiguous. If I'm classifying the sentiment as-is, I’d lean toward neutral to slightly negative because it states ""not many movies get just right,"" suggesting a deficiency in films. While some positive words exist, such as those about kids dreaming and cheering, the main phrase remains negative. Since I need to choose between 0 and 1, I’ll conclude with 0 as it’s more representative of the overall sentiment. **Deciding on sentiment**

I'm reflecting on the phrase, ""not many movies get just right what little dudes dream about,"" which implies that when a movie does succeed, it's positive. However, the overall sentiment here is leaning negative due to the implication that not many movies achieve that success. Since the review snippet fails to specify that ""this one does,"" it lacks explicit praise. Therefore, I'm settling on a sentiment classification of 0. Let's go with 0.",1,"**Determining sentiment**

I need to analyze sentiment for the sentence: ""few films capture so perfectly the hopes and dreams of little boys on baseball fields as well as the grown men who sit in the stands."" It clearly conveys a positive sentiment, expressing praise. Therefore, I'm going to categorize this as positive, which means I will output 1 since I should only provide either 0 or 1 for my answer. So I’ll just output 1!",casual,modified to use more casual/informal language,casual,85
"lapaglia's way of showing sadness and hope mixes well with weaver's heartfelt responses, making this a top-notch show by both actors.",lapaglia's ability to convey grief and hope works with weaver's sensitive reactions to make this a two-actor master class.,1,1,1,1,1,"**Analyzing sentiment**

I need to analyze the sentiment of the text. It talks about how one actor's portrayal of sadness and hope combines with another's heartfelt responses, which makes for a top-quality show. That's definitely a positive sentiment! Since the instructions specify to answer with just ""0"" or ""1,"" my conclusion is clear: the sentiment is good, and I should provide only ""1."" So let’s finalize it!",1,,casual,modified to use more casual/informal language,casual,86
"this redo is just dumb and super violent for no good reason, like, it's basically what the old one was tryna fight against, lol","this re-do is so dumb and so exploitative in its violence that, ironically, it becomes everything that the rather clumsy original was railing against.",0,0,0,0,0,"**Determining Sentiment**

I need to analyze the sentiment of the given text. It looks pretty negative, describing the redo as ""dumb"" and ""super violent."" Since the instructions state to return 0 for negative sentiments, I’ll stick directly to that. I'll just output ""0"" without any additional text, as per the guidelines. Keeping it simple and straightforward is key here!",0,"**Outputting sentiment value**

I need to represent the sentiment of the text as a single number: 0 for negative and 1 for positive. The text states, ""this re-do is so dumb and so exploitative in its violence that, ironically, it becomes everything that the rather clumsy original was railing against."" I clearly see this text conveys negative sentiment. Therefore, my answer will be ""0."" Just that: a single number with no extra words.",casual,modified to use more casual/informal language,casual,87
"so cliched and blah, pretty much harmless tho.","trite, banal, cliched, mostly inoffensive.",0,0,0,0,0,"**Classifying sentiment**

I'm tasked with classifying sentiment as either 0 for negative or 1 for positive. The text I've got is “so cliched and blah, pretty much harmless tho.” I read “clichéd and blah” as negative, but then “pretty much harmless tho” suggests it’s not quite terrible. Overall, I'd interpret this as more negative than positive, so I’ll go with 0. I'll just output 0 since that’s all that's needed.",0,"**Classifying sentiment**

I need to classify the sentiment of the text, which appears to be negative overall. The words ""trite, banal, cliched"" indicate negativity, and while ""mostly inoffensive"" is somewhat neutral, it's hardly positive—almost faint praise. So, in line with what’s required, I’ll produce a final classification of ""0"" for negative sentiment. The user wants a simple 0 or 1, so I’ll keep it minimal!",casual,modified to use more casual/informal language,casual,88
"a look at all the different grays, with sneaky little plot twists...","a study in shades of gray, offering itself up in subtle plot maneuvers...",1,1,1,1,1,"**Determining sentiment**

I need to analyze the sentiment of the given text. The phrase ""sneaky little plot twists"" seems positive, indicating interest and intrigue, while ""grays"" suggests nuance rather than negativity. The text overall feels neutral to slightly positive. Following the instruction to provide a binary output, I'd classify it as positive, so my choice is 1. I'll keep it simple: the answer is just ""1"".",1,"**Determining sentiment output**

I'm focusing on whether to output 0 or 1 based on the sentiment of the text. The text mentions ""a study in shades of gray"" and ""subtle plot maneuvers,"" which typically lean positive. While it could be perceived as neutral, phrases praising subtlety usually indicate a positive sentiment. So, my conclusion is to lean towards positive and output ""1."" I'll make sure to keep it straightforward without any extra elaboration.",casual,modified to use more casual/informal language,casual,89
what's a better message for girls of all sizes than'love yourself'?,what better message than ` love thyself ' could young women of any size receive?,1,1,1,1,1,"**Analyzing sentiment**

I'm looking at the sentiment of the text: ""what's a better message for girls of all sizes than 'love yourself'?"" It seems to express positive sentiment, asking for a supportive message. Overall, the sentiment feels positive, suggesting that ""love yourself"" is a great message. The output needs to be simple: either ""0"" for negative or ""1"" for positive. Since it's clearly positive, my answer will just be ""1"" without any extra formatting.",1,"**Performing sentiment analysis**

I need to conduct sentiment analysis with binary classification: 0 for negative and 1 for positive. The text says, ""what better message than `love thyself' could young women of any size receive?"" It's clearly praising the idea of self-love, which indicates positive sentiment. So, I’ll label it as 1. However, I need to ensure I follow the instruction to output just 0 or 1, so ultimately, my answer is 1.",casual,modified to use more casual/informal language,casual,90
so bad it's like calling it a dog would be mean to actual dogs.,so unremittingly awful that labeling it a dog probably constitutes cruelty to canines.,0,0,0,0,0,"I'm checking the sentiment of the text provided, which seems quite negative. The instruction is clear: I should respond with ""0"" for negative sentiment. It specifically says to provide just that number without any extra text or formatting, so I'll stick to that. I’ll make sure to follow the guidelines exactly as I do this. Alright, let’s go ahead and provide the answer as instructed.",0,"We need to keep it straightforward and only output 0 or 1 based on the text, which is deemed very negative. Since it’s described as “so unremittingly awful,” I’ll determine the answer is 0. It’s clear I have to avoid any extra comments and simply provide the numeral. So, I’ll make sure to output just 0, without any additional context. Let's keep it clean and to the point!",casual,modified to use more casual/informal language,casual,91
makes us feel like Nolan's about to kick off an awesome career as a filmmaker who's both commercial and creative.,allows us to hope that nolan is poised to embark a major career as a commercial yet inventive filmmaker.,1,1,1,1,1,"I see that I need to give a clear output based on the sentiment from the sentence provided. It suggests a positive view of Nolan’s potential in filmmaking. Since the sentiment is positive, my task is to output ""1."" There’s no need for additional words or context here; it’s a straightforward response. So, let's keep it simple and just go with that.",1,,casual,modified to use more casual/informal language,casual,92
most of the jokes just don't land lol,too much of the humor falls flat.,0,0,0,0,0,"**Determining sentiment value**

I need to classify the sentiment in the phrase ""most of the jokes just don't land lol."" It seems to express negative sentiment, even with the ""lol"" at the end, which might indicate sarcasm. So, my conclusion here is straightforward: the answer is 0, as it reflects the negative sentiment without any extra context necessary. I'll keep it simple by just stating ""0"" as instructed.",0,"**Providing sentiment analysis**

I need to perform a sentiment analysis on the text, which suggests that the humor doesn't resonate well, giving it a negative sentiment. So, the answer is clearly ""0"" since that's the binary representation of negative sentiment. The user directly asks for an answer, so I should respond with just ""0"" and no extra comments. I’ve double-checked my analysis, and yes, it’s definitely negative! I'll return ""0"".",casual,modified to use more casual/informal language,casual,93
"getting out of the studio, piccoli is super touching and so is this cleverly simple movie.","escaping the studio, piccoli is warmly affecting and so is this adroitly minimalist movie.",1,1,1,1,1,"**Classifying sentiment**

I need to classify sentiment based on the given text. The text expresses a positive sentiment, mentioning that something is ""super touching"" and ""cleverly simple."" Since the instructions specify to answer with 0 for negative and 1 for positive, I clearly see this as a positive comment. I'll stick to the directive and provide a concise answer. So, my response will simply be ""1."" That's it!",1,"I'm analyzing sentiment here. I see that the text includes phrases like ""warmly affecting"" and ""adroitly minimalist,"" which are definitely positive. Therefore, I believe the sentiment score should be 1, as it indicates a positive feeling. I’ll make sure to stick to just the essentials and provide the output as requested without any extra commentary. So, I’ll go with ""1."" That's all that's needed!",casual,modified to use more casual/informal language,casual,94
the most awesome Wiseman flick in ages!,the most compelling wiseman epic of recent years.,1,1,1,1,1,"**Classifying sentiment**

I need to classify the sentiment of the text, which says, ""the most awesome Wiseman flick in ages!"" This clearly has a positive sentiment, so I’ll go with ""1"". I’m confirming if ""Wiseman"" references filmmaker Frederick Wiseman, but that’s secondary. I must ensure I only respond with ""1"" and nothing extra, like disclaimers or trailing spaces. So, I’ve decided: I’ll provide ""1"".",1,1,casual,modified to use more casual/informal language,casual,95
"halfway through this super sweet, pastel-colored mess, you figure out it's just three parts of some TV show that never made the cut.","partway through watching this saccharine, easter-egg-colored concoction, you realize that it is made up of three episodes of a rejected tv show.",0,0,0,0,0,"**Determining sentiment score**

I need to output a score of 0 for negative sentiment and 1 for positive. The text seems negative because it describes something as a ""mess"" and mentions that it's from a TV show that ""never made the cut."" Even though it uses phrases like ""super sweet, pastel-colored,"" which might sound sarcastic, the overall sentiment leans negative. So, I’ll stick with my instruction and simply output “0” as the answer.",0,0,casual,modified to use more casual/informal language,casual,96
it's all just a bunch of fun.,it all adds up to good fun.,1,1,1,1,1,"I need to provide a simple output based on the sentiment of the text. The phrase ""it's all just a bunch of fun"" is definitely positive, so I should respond with 1. The user only wants the number, so there’s no need for extra explanation. I’ll keep it minimal and straightforward. Just straight to the point: the answer is 1.",1,1,casual,modified to use more casual/informal language,casual,97
"there's hardly any scare or worry, and even though the creepy stuff is cool, it's all done with just basic effort.","there is very little dread or apprehension, and though i like the creepy ideas, they are not executed with anything more than perfunctory skill.",0,0,0,0,0,"**Analyzing sentiment**

I'm looking at the sentiment of the statement, which suggests there's hardly any scare or worry involved. It acknowledges the creepy elements as cool, but mentions that everything seems to be executed with just basic effort. This combination leans toward a negative overall sentiment. So, I'll follow through and determine that the answer is “0” for negative sentiment. I'll provide only that answer, without any added formatting.",0,"**Deciding on an output**

I'm considering how to interpret the text about dread and creepy ideas. It states there's a negative sentiment overall, so I should go with 0 since it doesn't convey a positive feel. I need to remember we should only output 0 or 1, and since my analysis leads me to conclude the sentiment is primarily negative, I think it's clear: the answer is 0. Let's confirm that!",casual,modified to use more casual/informal language,casual,98
"and when ur chattin' about a slapstick comedy, that's a huge prob.","and when you're talking about a slapstick comedy, that's a pretty big problem.",0,0,0,0,0,"**Classifying sentiment**

I need to classify the sentiment of the text: ""and when you're chattin' about a slapstick comedy, that's a huge prob."" It seems to express negative sentiment, likely a complaint. They want a numeric response: 0 for negative and 1 for positive. Based on the context, it's clear that it's a problem, so the answer should be 0. I’ll keep it concise and provide just the number—""0"" without any extra characters.",0,"**Classifying sentiment**

I need to classify the sentiment of the provided text as either negative or positive. The text mentions a ""pretty big problem"" in the context of a slapstick comedy, which clearly indicates a negative sentiment. Therefore, my conclusion here is simple: it expresses a negative sentiment, so I'll output ""0."" I have to remember to provide just the number without any additional explanation or context. So, I'll finalize with ""0.""",casual,modified to use more casual/informal language,casual,99
