text,label,pred,raw_output,modified_pred
In the early 1930s the band moved to the Grill Room of the Taft Hotel in New York ; the band was renamed ``George Hall and His Hotel Taft Orchestra``.,"[{'Grill Room': 'BUILDING'}, {'Taft Hotel': 'BUILDING'}, {'New York': 'LOCATION'}, {'George Hall and His Hotel Taft Orchestra': 'ORGANIZATION'}]",[],"[{'text': 'Grill Room', 'value': 'BUILDING'}, {'text': 'Taft Hotel', 'value': 'BUILDING'}, {'text': 'New York', 'value': 'LOCATION'}, {'text': 'George Hall', 'value': 'PERSON'}, {'text': 'Hotel Taft', 'value': 'BUILDING'}, {'text': 'George Hall and His Hotel Taft Orchestra', 'value': 'ORGANIZATION'}]",[]
"The final season of minor league play Elkin Memorial Park saw season attendance of 16,322, an average of 299 per contest.",[{'Elkin Memorial Park': 'LOCATION'}],[],"[{'text': 'Elkin Memorial Park', 'value': 'LOCATION'}]",[]
"They finished the season 14\u201319, 9\u20139 in C-USA play to finish in seventh place.",[{'C-USA play': 'EVENT'}],[],"[{'text': 'C-USA', 'value': 'ORGANIZATION'}]",[]
"The B-52 pilot, Major Larry G.Messinger, later recalled,","[{'B-52': 'PRODUCT'}, {'Larry G.Messinger': 'PERSON'}]",[],"[{'text': 'B-52', 'value': 'PRODUCT'}, {'text': 'Larry G. Messinger', 'value': 'PERSON'}]",[]
The Austro-Hungarian Navy built and operated two classes of protected cruisers.,[{'Austro-Hungarian Navy': 'ORGANIZATION'}],[],"[{'text': 'Austro-Hungarian Navy', 'value': 'ORGANIZATION'}, {'text': 'protected cruisers', 'value': 'PRODUCT'}]",[]
Elin Hilderbrand is an American writer mostly of romance novels.,"[{'Elin Hilderbrand': 'PERSON'}, {'American': 'LOCATION'}]",[],"[
{'text': 'Elin Hilderbrand', 'value': 'PERSON'}
]",[]
"A prototype was fitted in the mid-'60s in a one-off DB5 extended 4'' after the doors and driven by Marek personally, and a normally 6-cylinder Aston Martin DB7 was equipped with a V8 unit in 1998.","[{""DB5 extended 4''"": 'PRODUCT'}, {'Marek': 'PERSON'}, {'Aston Martin DB7': 'PRODUCT'}, {'V8 unit': 'PRODUCT'}]",[],"[{'text': 'DB5', 'value': 'PRODUCT'}, {'text': 'Marek', 'value': 'PERSON'}, {'text': 'Aston Martin', 'value': 'ORGANIZATION'}, {'text': 'DB7', 'value': 'PRODUCT'}]",[]
"He has caught the attention of major publications and media outlets such as CNN, The Huffington Post, Hypebeast, The Guardian, Juxtapoz Magazine, Daily Mail, NRDC, Aljazeera and Hi-Fructose Magazine.","[{'CNN': 'ORGANIZATION'}, {'The Huffington Post': 'ORGANIZATION'}, {'Hypebeast': 'ORGANIZATION'}, {'The Guardian': 'ORGANIZATION'}, {'Juxtapoz Magazine': 'ORGANIZATION'}, {'Daily Mail, NRDC': 'ORGANIZATION'}, {'Aljazeera': 'ORGANIZATION'}, {'Hi-Fructose Magazine': 'ORGANIZATION'}]",[],"[{'text': 'CNN', 'value': 'ORGANIZATION'}, {'text': 'The Huffington Post', 'value': 'ORGANIZATION'}, {'text': 'Hypebeast', 'value': 'ORGANIZATION'}, {'text': 'The Guardian', 'value': 'ORGANIZATION'}, {'text': 'Juxtapoz Magazine', 'value': 'ORGANIZATION'}, {'text': 'Daily Mail', 'value': 'ORGANIZATION'}, {'text': 'NRDC', 'value': 'ORGANIZATION'}, {'text': 'Aljazeera', 'value': 'ORGANIZATION'}, {'text': 'Hi-Fructose Magazine', 'value': 'ORGANIZATION'}]",[]
The Cnidaria are a group of animals found exclusively in aquatic and mostly marine environments.,[{'Cnidaria': 'OTHER'}],[],"[{'text': 'Cnidaria', 'value': 'OTHER'}]",[]
"The Ninth suffered a serious defeat at the Battle of Camulodunum under Quintus Petillius Cerialis in the rebellion of Boudica (61), when most of the foot-soldiers were killed in a disastrous attempt to relieve the besieged city of Camulodunum (Colchester).","[{'Camulodunum': 'EVENT'}, {'Quintus Petillius Cerialis': 'PERSON'}, {'Boudica': 'EVENT'}, {'Camulodunum': 'LOCATION'}, {'Colchester': 'LOCATION'}]",[],"[
  {'text': 'The Ninth', 'value': 'ORGANIZATION'},
  {'text': 'Battle of Camulodunum', 'value': 'EVENT'},
  {'text': 'Quintus Petillius Cerialis', 'value': 'PERSON'},
  {'text': 'Boudica', 'value': 'PERSON'},
  {'text': 'rebellion of Boudica', 'value': 'EVENT'},
  {'text': 'Camulodunum', 'value': 'LOCATION'},
  {'text': 'Colchester', 'value': 'LOCATION'}
]",[]
"He is a Congressman representing Cajamarca for the period 2006\u20132011, and belongs to the Union for Peru party.","[{'Cajamarca': 'LOCATION'}, {'Peru party': 'ORGANIZATION'}]",[],"[{'text': 'Cajamarca', 'value': 'LOCATION'}, {'text': 'Union for Peru', 'value': 'ORGANIZATION'}]",[]
"He was born in Wellingborough, Northamptonshire, where he attended Victoria Junior School, Westfield Boys School and Sir Christopher Hatton School.","[{'Wellingborough': 'LOCATION'}, {'Northamptonshire': 'LOCATION'}, {'Victoria Junior School': 'ORGANIZATION'}, {'Westfield Boys School': 'ORGANIZATION'}, {'Sir Christopher Hatton School': 'ORGANIZATION'}]",[],"[{'text': 'Wellingborough', 'value': 'LOCATION'}, {'text': 'Northamptonshire', 'value': 'LOCATION'}, {'text': 'Victoria Junior School', 'value': 'ORGANIZATION'}, {'text': 'Westfield Boys School', 'value': 'ORGANIZATION'}, {'text': 'Sir Christopher Hatton School', 'value': 'ORGANIZATION'}]",[]
The lowest match aggregate in ODI history for England is 91 scored at the 1979 Cricket World Cup against Canada.,"[{'England': 'ORGANIZATION'}, {'Cricket World Cup': 'EVENT'}, {'Canada': 'ORGANIZATION'}]",[],"[{'text': 'ODI', 'value': 'OTHER'}, {'text': 'England', 'value': 'LOCATION'}, {'text': '1979 Cricket World Cup', 'value': 'EVENT'}, {'text': 'Canada', 'value': 'LOCATION'}]",[]
"Somewhat hidden away by the Ben Cruachan range, it is usually climbed in conjunction with its neighbour Beinn Eunaich.","[{'Ben Cruachan': 'LOCATION'}, {'Beinn Eunaich': 'LOCATION'}]",[],"[{'text': 'Ben Cruachan', 'value': 'LOCATION'}, {'text': 'Beinn Eunaich', 'value': 'LOCATION'}]",[]
"The 117-bed facility entirely comprised individual rooms, each with its own en-suite bathroom facilities.",[],[],"[{'text': '117-bed facility', 'value': 'BUILDING'}]",[]
"Experimental GPX1 deficiency amplifies certain aspects of aging, namely endothelial dysfunction, vascular remodeling, and invasion of leukocytes in cardiovascular tissue.",[],[],"[{'text': 'GPX1', 'value': 'OTHER'}, {'text': 'endothelial dysfunction', 'value': 'OTHER'}, {'text': 'vascular remodeling', 'value': 'OTHER'}, {'text': 'leukocytes', 'value': 'OTHER'}, {'text': 'cardiovascular tissue', 'value': 'LOCATION'}]",[]
Victor Cristaldo (born 10 May 1967) is a retired Argentine -born Australia n professional footballer of Paraguay an descent.,"[{'Victor Cristaldo': 'PERSON'}, {'Argentine': 'LOCATION'}, {'Australia': 'LOCATION'}, {'Paraguay': 'LOCATION'}]",[],"[{'text': 'Victor Cristaldo', 'value': 'PERSON'}, {'text': 'Argentine', 'value': 'LOCATION'}, {'text': 'Australia', 'value': 'LOCATION'}, {'text': 'Paraguay', 'value': 'LOCATION'}]",[]
"During the Battle of Antietam on September 17, 1862, Wilkinson was injured and forced to serve the remainder of the war as an officer in the Veterans Reserve Corps.","[{'Battle of Antietam': 'EVENT'}, {'Wilkinson': 'PERSON'}, {'Veterans Reserve Corps': 'ORGANIZATION'}]",[],"[{'text': 'Battle of Antietam', 'value': 'EVENT'}, {'text': 'Wilkinson', 'value': 'PERSON'}, {'text': 'Veterans Reserve Corps', 'value': 'ORGANIZATION'}]",[]
The buildings were renovated into offices in the 1980s.,[],[],[],[]
"Perhaps the best known Ward LaFrance product was the P-80 ``Ambassador'' model of pumper, one of which was donated as product placement by the company to be used as the fictional Los Angeles County Fire Department Engine 51 on the 1970s television program`` Emergency!","[{'Ward LaFrance': 'ORGANIZATION'}, {""P-80 ``Ambassador''"": 'PRODUCT'}, {'Los Angeles County Fire Department Engine 51': 'ORGANIZATION'}]",[],"[{'text': 'Ward LaFrance', 'value': 'ORGANIZATION'}, {'text': 'P-80 ``Ambassador''', 'value': 'PRODUCT'}, {'text': 'Los Angeles County Fire Department', 'value': 'ORGANIZATION'}, {'text': 'Engine 51', 'value': 'OTHER'}, {'text': 'Emergency!', 'value': 'EVENT'}]",[]
"Lawrence claims that she was given cash, whereas Stephens claims that his life was threatened.",[{'Stephens': 'PERSON'}],[],"[{'text': 'Lawrence', 'value': 'PERSON'}, {'text': 'Stephens', 'value': 'PERSON'}]",[]
"Glutamine synthetase uses ammonia produced by nitrate reduction, amino acid degradation, and photorespiration.","[{'Glutamine synthetase': 'OTHER'}, {'ammonia': 'OTHER'}, {'amino acid': 'OTHER'}]",[],"[{'text': 'Glutamine synthetase', 'value': 'PRODUCT'}, {'text': 'ammonia', 'value': 'OTHER'}, {'text': 'nitrate reduction', 'value': 'OTHER'}, {'text': 'amino acid degradation', 'value': 'OTHER'}, {'text': 'photorespiration', 'value': 'OTHER'}]",[]
Nintendo continued to sell the revised Wii model and the Wii Mini alongside the Wii U during the Wii U's first release year.,"[{'Nintendo': 'ORGANIZATION'}, {'Wii model': 'PRODUCT'}, {'Wii Mini': 'PRODUCT'}, {'Wii U': 'PRODUCT'}, {'Wii U': 'PRODUCT'}]",[],"[{'text': 'Nintendo', 'value': 'ORGANIZATION'}, {'text': 'Wii', 'value': 'PRODUCT'}, {'text': 'Wii Mini', 'value': 'PRODUCT'}, {'text': 'Wii U', 'value': 'PRODUCT'}]",[]
Kenyon entered Maynooth Seminary in 1829 \u2013 the year of Catholic Emancipation.,"[{'Kenyon': 'PERSON'}, {'Maynooth Seminary': 'ORGANIZATION'}, {'Catholic Emancipation': 'EVENT'}]",[],"[{'text': 'Kenyon', 'value': 'PERSON'}, {'text': 'Maynooth Seminary', 'value': 'ORGANIZATION'}, {'text': 'Catholic Emancipation', 'value': 'EVENT'}]",[]
"Dublin is also served by Weston Airport and other small facilities, by a range of helicopter operators, and the military and some State services use Casement Aerodrome nearby.","[{'Dublin': 'LOCATION'}, {'Weston Airport': 'BUILDING'}, {'Casement Aerodrome': 'BUILDING'}]",[],"[{'text': 'Dublin', 'value': 'LOCATION'}, {'text': 'Weston Airport', 'value': 'BUILDING'}, {'text': 'Casement Aerodrome', 'value': 'BUILDING'}]",[]
He went on to produce Kim Fowley and the BMX Bandits (band) Receiver Records' album ``Hidden Agenda At the Thirteenth Not``.,"[{'Kim Fowley': 'PERSON'}, {'BMX Bandits': 'ORGANIZATION'}, {'Receiver Records': 'ORGANIZATION'}, {'Hidden Agenda At the Thirteenth Not': 'ART'}]",[],"[{'text': 'Kim Fowley', 'value': 'PERSON'}, {'text': 'BMX Bandits', 'value': 'ORGANIZATION'}, {'text': 'Receiver Records', 'value': 'ORGANIZATION'}, {'text': 'Hidden Agenda At the Thirteenth Not', 'value': 'PRODUCT'}]",[]
Many of the men were separated from their families and sent into the B.C.,[],[],"[{'text': 'B.C.', 'value': 'LOCATION'}]",[]
"The founder of K\u014deido (the purveyors of Kibi dango) authored a travel guide in 1895, in which he claimed that Kibitsuhiko rolled with his own hand some kibi dango to give to Emperor Jimmu who stopped at Takayama Palace in Okayama.","[{'K\\u014deido': 'ORGANIZATION'}, {'Kibi dango': 'PRODUCT'}, {'Kibitsuhiko': 'ORGANIZATION'}, {'kibi dango': 'PRODUCT'}, {'Jimmu': 'PERSON'}, {'Takayama Palace': 'BUILDING'}, {'Okayama': 'LOCATION'}]",[],"[{'text': 'Kōeido', 'value': 'ORGANIZATION'}, {'text': 'Kibi dango', 'value': 'PRODUCT'}, {'text': 'kibi dango', 'value': 'PRODUCT'}, {'text': 'Kibitsuhiko', 'value': 'PERSON'}, {'text': 'Emperor Jimmu', 'value': 'PERSON'}, {'text': 'Takayama Palace', 'value': 'BUILDING'}, {'text': 'Okayama', 'value': 'LOCATION'}]",[]
"It is developed by Golaem, a France -based software company (created in Rennes in 2009).","[{'Golaem': 'ORGANIZATION'}, {'France': 'LOCATION'}, {'Rennes': 'LOCATION'}]",[],"[{'text': 'Golaem', 'value': 'ORGANIZATION'}, {'text': 'France', 'value': 'LOCATION'}, {'text': 'Rennes', 'value': 'LOCATION'}]",[]
She has also written fiction and her work has gained awards.,[],[],[],[]
"Furthermore, the SFO offered to pay reasonable legal costs.",[{'the SFO': 'ORGANIZATION'}],[],"[{'text': 'SFO', 'value': 'ORGANIZATION'}]",[]
Team Orr scored four times on way to a 7\u20131 victory.,[{'Team Orr': 'ORGANIZATION'}],[],"[{'text': 'Team Orr', 'value': 'ORGANIZATION'}]",[]
"Early communities began to appear at the beginning of the 19th century, including Lynchburg, Harrisburg, and Rightor's Point (modern Morgan's Point) in the 1820s.","[{'Lynchburg': 'LOCATION'}, {'Harrisburg': 'LOCATION'}, {""Rightor's Point"": 'LOCATION'}, {""Morgan's Point"": 'LOCATION'}]",[],"[{'text': 'Lynchburg', 'value': 'LOCATION'}, {'text': 'Harrisburg', 'value': 'LOCATION'}, {'text': ""Rightor's Point"", 'value': 'LOCATION'}, {'text': ""Morgan's Point"", 'value': 'LOCATION'}]",[]
"Dorsa has a Bachelor of Music in Composition from California State University, Northridge in 2001, Master of Music in Harpsichord Performance at Cal State Northridge in 2004, and a Doctor of Musical Arts at the University of Michigan, Ann Arbor in 2008.","[{'Dorsa': 'PERSON'}, {'Bachelor of Music': 'OTHER'}, {'California State University, Northridge': 'ORGANIZATION'}, {'Master of Music': 'OTHER'}, {'Cal State Northridge': 'ORGANIZATION'}, {'Doctor of Musical Arts': 'OTHER'}, {'University of Michigan': 'ORGANIZATION'}, {'Ann Arbor': 'LOCATION'}]",[],"[{'text': 'Dorsa', 'value': 'PERSON'}, {'text': 'California State University, Northridge', 'value': 'ORGANIZATION'}, {'text': 'Cal State Northridge', 'value': 'ORGANIZATION'}, {'text': 'University of Michigan', 'value': 'ORGANIZATION'}, {'text': 'Ann Arbor', 'value': 'LOCATION'}]",[]
She has since worked with homeless patients and holds the position of Management Consultant fo r MedAmerica.,[{'r MedAmerica': 'ORGANIZATION'}],[],"[{'text': 'MedAmerica', 'value': 'ORGANIZATION'}]",[]
"Conway is the hub of operations for Norfolk Southern in the Greater Pittsburgh area, featuring a hump yard and a crew change point for virtually all Pittsburgh and Fort Wayne Line trains.","[{'Conway': 'LOCATION'}, {'Norfolk Southern': 'LOCATION'}, {'Greater Pittsburgh': 'LOCATION'}, {'Pittsburgh': 'LOCATION'}, {'Fort Wayne Line': 'LOCATION'}]",[],"[{'text': 'Conway', 'value': 'LOCATION'}, {'text': 'Norfolk Southern', 'value': 'ORGANIZATION'}, {'text': 'Greater Pittsburgh area', 'value': 'LOCATION'}, {'text': 'Pittsburgh and Fort Wayne Line', 'value': 'ORGANIZATION'}]",[]
Gonu caused strong gusty winds and torrential rainfall along Pakistan's Arabian Sea coast from Karachi to Gwadar.,"[{'Gonu': 'EVENT'}, {""Pakistan's Arabian Sea coast"": 'LOCATION'}, {'Karachi': 'LOCATION'}, {'Gwadar': 'LOCATION'}]",[],"[{'text': 'Gonu', 'value': 'EVENT'}, {'text': 'Pakistan', 'value': 'LOCATION'}, {'text': 'Arabian Sea', 'value': 'LOCATION'}, {'text': 'Karachi', 'value': 'LOCATION'}, {'text': 'Gwadar', 'value': 'LOCATION'}]",[]
Pune lost the match 1\u20133 with all three goals coming after Amrinder came on.,"[{'Pune': 'ORGANIZATION'}, {'Amrinder': 'PERSON'}]",[],"[{'text': 'Pune', 'value': 'ORGANIZATION'}, {'text': 'Amrinder', 'value': 'PERSON'}]",[]
His pupil Vadeebhasimha wrote in prose ``Gayachintamani`` and ``Kshatrachudamini`` based on poet Banas ``Kadambari`` and minister Chavundaraya wrote ``Charitarasara``.,"[{'Vadeebhasimha': 'PERSON'}, {'Gayachintamani': 'ART'}, {'Kshatrachudamini': 'ART'}, {'Banas': 'PERSON'}, {'Kadambari': 'ART'}, {'Chavundaraya': 'PERSON'}, {'Charitarasara': 'ART'}]",[],"[{'text': 'Vadeebhasimha', 'value': 'PERSON'}, {'text': 'Gayachintamani', 'value': 'ART'}, {'text': 'Kshatrachudamini', 'value': 'ART'}, {'text': 'Banas', 'value': 'PERSON'}, {'text': 'Kadambari', 'value': 'ART'}, {'text': 'Chavundaraya', 'value': 'PERSON'}, {'text': 'Charitarasara', 'value': 'ART'}]",[]
"The Croal Irwell Regional Park Project Proposal to create a green artery from the centre of Manchester to the West Pennine Moors was announced in June 2003 supported by Salford, Bury and Bolton councils and the Red Rose Forest.","[{'Croal Irwell Regional Park Project Proposal': 'PRODUCT'}, {'Manchester': 'LOCATION'}, {'West Pennine Moors': 'LOCATION'}, {'Salford': 'LOCATION'}, {'Bury': 'LOCATION'}, {'Bolton': 'LOCATION'}, {'Red Rose Forest': 'ORGANIZATION'}]",[],"[  
  {'text': 'Croal Irwell Regional Park Project Proposal', 'value': 'EVENT'},  
  {'text': 'Manchester', 'value': 'LOCATION'},  
  {'text': 'West Pennine Moors', 'value': 'LOCATION'},  
  {'text': 'Salford', 'value': 'LOCATION'},  
  {'text': 'Bury', 'value': 'LOCATION'},  
  {'text': 'Bolton', 'value': 'LOCATION'},  
  {'text': 'Red Rose Forest', 'value': 'ORGANIZATION'}  
]",[]
"In some versions, the eggplant is not grilled, but is instead boiled, resulting in a softer version that lacks the characteristic smoky flavor of the original dish.",[{'eggplant': 'OTHER'}],[],"[{'text': 'eggplant', 'value': 'OTHER'}]",[]
"The peasantry was also aggrieved, and between 1846 and 1848 opposition to Sturdza intensified.",[{'Sturdza': 'PERSON'}],[],"[{'text': 'Sturdza', 'value': 'PERSON'}]",[]
Argentina's Del Imaginario Discos also released the album in 2007.,"[{'Argentina': 'LOCATION'}, {'Del Imaginario Discos': 'ORGANIZATION'}]",[],"[{'text': 'Argentina's', 'value': 'LOCATION'}, {'text': 'Del Imaginario Discos', 'value': 'ORGANIZATION'}]",[]
"Moreover, Santa is actually innocent of the crime, which was instead masterminded by scheming relative Cousin Mel, who is mentioned briefly in the song but made into a gold-digging villainness in the special.","[{'Santa': 'PERSON'}, {'Cousin Mel': 'PERSON'}]",[],"[{'text': 'Santa', 'value': 'PERSON'}, {'text': 'Cousin Mel', 'value': 'PERSON'}]",[]
"The Newfoundland Reform Liberal Party was a leader-centred political party in Newfoundland and Labrador, Canada from 1975 to 1979.","[{'Newfoundland Reform Liberal Party': 'ORGANIZATION'}, {'Newfoundland and Labrador': 'LOCATION'}, {'Canada': 'LOCATION'}]",[],"[{'text': 'Newfoundland Reform Liberal Party', 'value': 'ORGANIZATION'}, {'text': 'Newfoundland and Labrador', 'value': 'LOCATION'}, {'text': 'Canada', 'value': 'LOCATION'}]",[]
"This led to the foundation by Maximilian III Joseph, Elector of Bavaria of the Bavarian Academy of Sciences and Humanities on 28 March 1759.","[{'Maximilian III Joseph, Elector of Bavaria': 'PERSON'}, {'Bavarian Academy of Sciences and Humanities': 'ORGANIZATION'}]",[],"[{'text': 'Maximilian III Joseph', 'value': 'PERSON'}, {'text': 'Bavaria', 'value': 'LOCATION'}, {'text': 'Bavarian Academy of Sciences and Humanities', 'value': 'ORGANIZATION'}]",[]
The government announced a state funeral and a day of national mourning.,[],[],"[{'text': 'government', 'value': 'ORGANIZATION'}, {'text': 'state funeral', 'value': 'EVENT'}, {'text': 'national mourning', 'value': 'EVENT'}]",[]
Most of the town is actually a gated community called Orchid Island Golf and Beach Club.,[{'Orchid Island Golf and Beach Club': 'LOCATION'}],[],"[{'text': 'Orchid Island Golf and Beach Club', 'value': 'LOCATION'}]",[]
"Hunt represents the 8th legislative district in Omaha, consisting of the midtown neighborhoods of Dundee, Benson, and Keystone.","[{'Hunt': 'PERSON'}, {'Omaha': 'LOCATION'}, {'Dundee': 'LOCATION'}, {'Benson': 'LOCATION'}, {'Keystone': 'LOCATION'}]",[],"[{'text': 'Hunt', 'value': 'PERSON'}, {'text': '8th legislative district', 'value': 'ORGANIZATION'}, {'text': 'Omaha', 'value': 'LOCATION'}, {'text': 'Dundee', 'value': 'LOCATION'}, {'text': 'Benson', 'value': 'LOCATION'}, {'text': 'Keystone', 'value': 'LOCATION'}]",[]
"It has been used to treat hypertension and cardiac failure, and to treat pre-eclampsia during pregnancy.","[{'hypertension': 'OTHER'}, {'cardiac failure,': 'OTHER'}, {'pre-eclampsia': 'OTHER'}]",[],"[{'text': 'hypertension', 'value': 'OTHER'}, {'text': 'cardiac failure', 'value': 'OTHER'}, {'text': 'pre-eclampsia', 'value': 'OTHER'}]",[]
"Anhur is a playable character in the multiplayer online battle arena, ``SMITE''.",[{'Anhur': 'OTHER'}],[],"[
  {'text': 'Anhur', 'value': 'PERSON'},
  {'text': 'SMITE', 'value': 'PRODUCT'}
]",[]
"Jamil was married to the daughter of Khalid Bakdash, a Syria n politician who was the Secretary-General of the Syrian Communist Party and the first communist to be an elected member of an Arab parliament in 1954.","[{'Jamil': 'PERSON'}, {'Khalid Bakdash': 'PERSON'}, {'Syria': 'LOCATION'}, {'Syrian Communist Party': 'ORGANIZATION'}, {'Arab': 'LOCATION'}]",[],"[{'text': 'Jamil', 'value': 'PERSON'}, {'text': 'Khalid Bakdash', 'value': 'PERSON'}, {'text': 'Syrian Communist Party', 'value': 'ORGANIZATION'}]",[]
Tyrosine phosphorylation is the addition of a phosphate (PO43\u2212) group to the amino acid tyrosine on a protein.,"[{'PO43\\u2212': 'OTHER'}, {'amino acid tyrosine': 'OTHER'}]",[],"[
    {'text': 'Tyrosine phosphorylation', 'value': 'EVENT'},
    {'text': 'phosphate (PO43−)', 'value': 'PRODUCT'},
    {'text': 'tyrosine', 'value': 'OTHER'}
]",[]
In 1955 it began receiving an early model of the Boeing B-52 Stratofortress and upgraded to various models over the next 40 years.,[{'Boeing B-52': 'PRODUCT'}],[],"[{'text': 'Boeing B-52 Stratofortress', 'value': 'PRODUCT'}]",[]
This collection contains material relating to sexual health issues from 1974-2007.,[],[],[],[]
"However, in 1861 the prospect of secession by southern states after the 1860 presidential election removed this obstacle to political change.",[],[],"[{'text': 'southern states', 'value': 'LOCATION'}, {'text': '1860 presidential election', 'value': 'EVENT'}]",[]
"Back to Basics focuses on genre classics, showing older movies and underground cult films, with occasional stabs at mainstream and newer genre pieces.",[{'Back to Basics': 'ORGANIZATION'}],[],"[{'text': 'Back to Basics', 'value': 'EVENT'}]",[]
"Internal conflicts, especially between Covaci and Baniciu, were making headlines in the media.","[{'Covaci': 'PERSON'}, {'Baniciu': 'PERSON'}]",[],"[{'text': 'Covaci', 'value': 'PERSON'}, {'text': 'Baniciu', 'value': 'PERSON'}]",[]
"Allistair Pinsof of ``Destructoid``, praised the game, saying the controls were as good as that of ``Super Metroid`` and ``Super Castlevania IV.''","[{'Allistair Pinsof': 'PERSON'}, {'Destructoid': 'ORGANIZATION'}, {'Super Metroid': 'PRODUCT'}, {'Super Castlevania IV': 'PRODUCT'}]",[],"[{'text': 'Allistair Pinsof', 'value': 'PERSON'}, {'text': 'Destructoid', 'value': 'ORGANIZATION'}, {'text': 'Super Metroid', 'value': 'PRODUCT'}, {'text': 'Super Castlevania IV', 'value': 'PRODUCT'}]",[]
"In particular, Reform Jews may be lampooned for their rejection of traditional Jewish beliefs.","[{'Jews': 'ORGANIZATION'}, {'Jewish': 'ORGANIZATION'}]",[],"[{'text': 'Reform Jews', 'value': 'ORGANIZATION'}]",[]
It was founded as a spin-off of Murphy Oil in 2013.,[{'Murphy Oil': 'ORGANIZATION'}],[],"[{'text': 'Murphy Oil', 'value': 'ORGANIZATION'}]",[]
They used several features from a batch of A1 Pacifics they had built in 1924.,[{'A1 Pacifics': 'PRODUCT'}],[],"[{'text': 'A1 Pacifics', 'value': 'PRODUCT'}]",[]
"At a festival, Siddhi saves Vin from being shot at by Rudra.","[{'Siddhi': 'PERSON'}, {'Vin': 'PERSON'}, {'Rudra': 'PERSON'}]",[],"[
  {'text': 'festival', 'value': 'EVENT'},
  {'text': 'Siddhi', 'value': 'PERSON'},
  {'text': 'Vin', 'value': 'PERSON'},
  {'text': 'Rudra', 'value': 'PERSON'}
]",[]
"Her brother ran unsuccessfully for the United States House of Representatives from upstate New York, in 1992 and 1994.","[{'United States House of Representatives': 'ORGANIZATION'}, {'New York': 'LOCATION'}]",[],"The list of named entities in the text: [{'text': 'United States House of Representatives', 'value': 'ORGANIZATION'}, {'text': 'upstate New York', 'value': 'LOCATION'}].",[]
"The story had been adapted to the stage in 1939 at the Martin Beck Theater to great acclaim, but only ran for six performances because the production proved to be expensive.",[{'Martin Beck Theater': 'BUILDING'}],[],"[{'text': 'Martin Beck Theater', 'value': 'BUILDING'}]",[]
"Loyalists recruited from Queens County, New York by Lieutenant Colonel Richard Hewlett for the 3rd battalion DeLancey's Brigade had established a fortified position in early August on the central north shore of Long Island at Setauket, just across Long Island Sound from Fairfield.","[{'Queens County': 'LOCATION'}, {'New York': 'LOCATION'}, {'Richard Hewlett': 'PERSON'}, {""DeLancey's Brigade"": 'ORGANIZATION'}, {'Long Island': 'LOCATION'}, {'Setauket': 'LOCATION'}, {'Long Island Sound': 'LOCATION'}, {'Fairfield': 'LOCATION'}]",[],"[{'text': 'Queens County, New York', 'value': 'LOCATION'}, {'text': 'Lieutenant Colonel Richard Hewlett', 'value': 'PERSON'}, {'text': '3rd battalion DeLancey's Brigade', 'value': 'ORGANIZATION'}, {'text': 'Long Island', 'value': 'LOCATION'}, {'text': 'Setauket', 'value': 'LOCATION'}, {'text': 'Long Island Sound', 'value': 'LOCATION'}, {'text': 'Fairfield', 'value': 'LOCATION'}]",[]
"In 1967, the park was the gathering place for a peaceful anti-war rally.",[],[],"[{'text': 'park', 'value': 'LOCATION'}, {'text': 'anti-war rally', 'value': 'EVENT'}]",[]
USP42 has also been shown to deubiquitinate p53 and may be required for the ability of p53 to respond to stress.,"[{'USP42': 'OTHER'}, {'p53': 'OTHER'}, {'p53': 'OTHER'}]",[],"[{'text': 'USP42', 'value': 'PRODUCT'}, {'text': 'p53', 'value': 'PRODUCT'}, {'text': 'p53', 'value': 'PRODUCT'}, {'text': 'stress', 'value': 'OTHER'}]",[]
It is operated by the Nhulunbuy Corporation.,[{'Nhulunbuy Corporation': 'ORGANIZATION'}],[],"[{'text': 'Nhulunbuy Corporation', 'value': 'ORGANIZATION'}]",[]
Royal Malaysia Police Air Operations Force or ``Pasukan Gerakan Udara (PGU)'' is a special aviation unit of Royal Malaysia Police.,"[{'Royal Malaysia Police Air Operations Force': 'ORGANIZATION'}, {'Pasukan Gerakan Udara': 'ORGANIZATION'}, {'PGU': 'ORGANIZATION'}, {'Royal Malaysia Police': 'ORGANIZATION'}]","[{'Royal Malaysia Police Air Operations Force': 'ORGANIZATION'}, {'Pasukan Gerakan Udara (PGU)': 'ORGANIZATION'}, {'Royal Malaysia Police': 'ORGANIZATION'}]","[
  {""text"": ""Royal Malaysia Police Air Operations Force"", ""value"": ""ORGANIZATION""},
  {""text"": ""Pasukan Gerakan Udara (PGU)"", ""value"": ""ORGANIZATION""},
  {""text"": ""Royal Malaysia Police"", ""value"": ""ORGANIZATION""}
]","[{'Royal Malaysia Police Air Operations Force': 'ORGANIZATION'}, {'Pasukan Gerakan Udara (PGU)': 'ORGANIZATION'}, {'Royal Malaysia Police': 'ORGANIZATION'}]"
It was produced by Richard D.Zanuck and David Brown.,"[{'Richard D.Zanuck': 'PERSON'}, {'David Brown': 'PERSON'}]",[],"[{'text': 'Richard D.Zanuck', 'value': 'PERSON'}, {'text': 'David Brown', 'value': 'PERSON'}]",[]
"The situation began to crystallise after 1961 when South Africa left the Commonwealth of Nations and so, under the rules of the day, its cricket board had to leave the International Cricket Conference (ICC).","[{'South Africa': 'LOCATION'}, {'Commonwealth of Nations': 'ORGANIZATION'}, {'International Cricket Conference': 'ORGANIZATION'}, {'ICC': 'ORGANIZATION'}]",[],"[{'text': 'South Africa', 'value': 'LOCATION'}, {'text': 'Commonwealth of Nations', 'value': 'ORGANIZATION'}, {'text': 'International Cricket Conference', 'value': 'ORGANIZATION'}, {'text': 'ICC', 'value': 'ORGANIZATION'}]",[]
Puckrik travelled widely in her childhood due to her father's military background.,[{'Puckrik': 'PERSON'}],[],"[{'text': 'Puckrik', 'value': 'PERSON'}]",[]
The festival is dedicated to world television and digital content and its creation and development.,[],[],"[{'text': 'festival', 'value': 'EVENT'}]",[]
"A German teacher for much of her life, MacKeith also advocated for peace during the Aldermaston Marches in the 1950s and demonstrations against the Vietnam War in Grosvenor Square in the 1960s.","[{'German': 'LOCATION'}, {'MacKeith': 'PERSON'}, {'Aldermaston Marches': 'EVENT'}, {'Vietnam War': 'EVENT'}, {'Grosvenor Square': 'LOCATION'}]",[],"[{'text': 'MacKeith', 'value': 'PERSON'}, {'text': 'Aldermaston Marches', 'value': 'EVENT'}, {'text': 'Vietnam War', 'value': 'EVENT'}, {'text': 'Grosvenor Square', 'value': 'LOCATION'}]",[]
Mediaite named her in a four-way tie among the ``Best TV Pundits`` of 2014 for bringing ``a comprehensive understanding to women's health and justice issues that goes beyond the usual talking points.'',"[{'Mediaite': 'PERSON'}, {'Best TV Pundits': 'OTHER'}]","[{'Mediaite': 'ORGANIZATION'}, {'Best TV Pundits': 'EVENT'}]","[{""text"": ""Mediaite"", ""value"": ""ORGANIZATION""}, {""text"": ""Best TV Pundits"", ""value"": ""EVENT""}]","[{'Mediaite': 'ORGANIZATION'}, {'Best TV Pundits': 'EVENT'}]"
"According to Steak' n Shake archives, the restaurant's founder, Gus Belt, applied for a trademark on the word in the 1930s.","[{""Steak' n Shake"": 'ART'}, {'Gus Belt': 'PERSON'}]",[],"[{'text': ""Steak' n Shake"", 'value': 'ORGANIZATION'}, {'text': 'Gus Belt', 'value': 'PERSON'}, {'text': '1930s', 'value': 'OTHER'}]",[]
Alex Salmond (leader of SNP) has since made history by becoming the first First Minister of Scotland from a party other than Labour.,"[{'Alex Salmond': 'PERSON'}, {'SNP': 'ORGANIZATION'}, {'Scotland': 'LOCATION'}, {'Labour': 'ORGANIZATION'}]",[],"[{'text': 'Alex Salmond', 'value': 'PERSON'}, {'text': 'SNP', 'value': 'ORGANIZATION'}, {'text': 'Scotland', 'value': 'LOCATION'}, {'text': 'Labour', 'value': 'ORGANIZATION'}]",[]
"The album featured remixes of ``Like It or Not`` and ``Tearing Me Up`` from artists like A-Trak, RAC, Joris Voorn, and Tale of Us.","[{'Like It or Not': 'ART'}, {'Tearing Me Up': 'ART'}, {'A-Trak': 'PERSON'}, {'RAC': 'PERSON'}, {'Joris Voorn': 'PERSON'}, {'Tale of Us': 'PERSON'}]",[],"{'label': [{'text': 'Like It or Not', 'value': 'PRODUCT'}, {'text': 'Tearing Me Up', 'value': 'PRODUCT'}, {'text': 'A-Trak', 'value': 'PERSON'}, {'text': 'RAC', 'value': 'ORGANIZATION'}, {'text': 'Joris Voorn', 'value': 'PERSON'}, {'text': 'Tale of Us', 'value': 'ORGANIZATION'}]}",[]
``Patrick Morris`` sent out her own mayday call at 6:51 am and sank 35 minutes later.,[{'Patrick Morris': 'PRODUCT'}],[],"[{'text': 'Patrick Morris', 'value': 'PERSON'}]",[]
The same effects have also been seen in short pubertal boys.,[],[],[],[]
"Construction was modular so that some of the gold could be removed and melted for coin or bullion in times of severe financial hardship, to be replaced later when finances had recovered.",[],[],[],[]
"He has also performed and worked with many other Scandinavian artists such as Bj\u00f8rn Eidsv\u00e5g, Silje Nergaard, Oslo Gospel Choir, Espen Lind, Elizabeth Norberg-Schulz and Carola H\u00e4ggkvist.","[{'Bj\\u00f8rn Eidsv\\u00e5g': 'PERSON'}, {'Silje Nergaard': 'PERSON'}, {'Oslo Gospel Choir': 'PERSON'}, {'Espen Lind': 'PERSON'}, {'Elizabeth Norberg-Schulz': 'PERSON'}, {'Carola H\\u00e4ggkvist': 'PERSON'}]",[],"[{'text': 'Bjørn Eidsvåg', 'value': 'PERSON'}, {'text': 'Silje Nergaard', 'value': 'PERSON'}, {'text': 'Oslo Gospel Choir', 'value': 'ORGANIZATION'}, {'text': 'Espen Lind', 'value': 'PERSON'}, {'text': 'Elizabeth Norberg-Schulz', 'value': 'PERSON'}, {'text': 'Carola Häggkvist', 'value': 'PERSON'}]",[]
"Holy Trinity Church is a Church of England parish church at Bothenhampton, near Bridport in Dorset, England.","[{'Holy Trinity Church': 'ORGANIZATION'}, {'Church of England': 'ORGANIZATION'}, {'Bothenhampton': 'LOCATION'}, {'Bridport': 'LOCATION'}, {'Dorset': 'LOCATION'}, {'England': 'LOCATION'}]",[],"[{'text': 'Holy Trinity Church', 'value': 'BUILDING'}, {'text': 'Church of England', 'value': 'ORGANIZATION'}, {'text': 'Bothenhampton', 'value': 'LOCATION'}, {'text': 'Bridport', 'value': 'LOCATION'}, {'text': 'Dorset', 'value': 'LOCATION'}, {'text': 'England', 'value': 'LOCATION'}]",[]
"Kadavu Province is one of fourteen provinces of Fiji, and forms part of the Eastern Division, which also includes the provinces of Lau, Lomaiviti and Rotuma.","[{'Kadavu Province': 'LOCATION'}, {'Fiji': 'LOCATION'}, {'Lau': 'LOCATION'}, {'Lomaiviti': 'LOCATION'}, {'Rotuma': 'LOCATION'}]",[],"[
  {'text': 'Kadavu Province', 'value': 'LOCATION'},
  {'text': 'Fiji', 'value': 'LOCATION'},
  {'text': 'Eastern Division', 'value': 'LOCATION'},
  {'text': 'Lau', 'value': 'LOCATION'},
  {'text': 'Lomaiviti', 'value': 'LOCATION'},
  {'text': 'Rotuma', 'value': 'LOCATION'}
]",[]
"Mike Moreton headed the team, joining TWR to run the XJ220 project.","[{'Mike Moreton': 'PERSON'}, {'TWR': 'ORGANIZATION'}, {'XJ220': 'PRODUCT'}]",[],"[{'text': 'Mike Moreton', 'value': 'PERSON'}, {'text': 'TWR', 'value': 'ORGANIZATION'}, {'text': 'XJ220', 'value': 'PRODUCT'}]",[]
"Mary Weiss was one of the creators of The Real Live Brady Bunch at The Annoyance Theater, which led to a series of feature film remakes.","[{'Mary Weiss': 'PERSON'}, {'Real Live Brady Bunch': 'ORGANIZATION'}, {'Annoyance Theater': 'BUILDING'}]",[],"[
  {'text': 'Mary Weiss', 'value': 'PERSON'},
  {'text': 'The Real Live Brady Bunch', 'value': 'ART'},
  {'text': 'The Annoyance Theater', 'value': 'ORGANIZATION'}
]",[]
"More than 100 sellers from Deidesheim and the surrounding area run stalls, which must stylistically fit into the market's whole theme.",[{'Deidesheim': 'LOCATION'}],[],"[{'text': 'Deidesheim', 'value': 'LOCATION'}]",[]
It won the jury award for best feature Film at the TriMedia Film Festival in 2010.,"[{'jury award for best feature Film': 'OTHER'}, {'TriMedia Film Festival': 'EVENT'}]",[],"[
{'text': 'TriMedia Film Festival', 'value': 'EVENT'}
]",[]
"Bitter Sweet & amp ; Twisted is rock band The Quireboys's second studio album, released in 1993.","[{'Bitter Sweet & amp': 'ART'}, {'Twisted': 'ART'}, {'The Quireboys': 'ORGANIZATION'}]",[],"[{'text': 'Bitter Sweet & Twisted', 'value': 'PRODUCT'}, {'text': 'The Quireboys', 'value': 'ORGANIZATION'}]",[]
The Papacy in central Italy maintained major cultural and political influence during the Catholic Reformation initiated by the conclusion of the Tridentine council (resumed by the terms of the treaty).,"[{'Papacy': 'EVENT'}, {'Catholic Reformation': 'ORGANIZATION'}, {'Tridentine council': 'ORGANIZATION'}]",[],"[{'text': 'The Papacy', 'value': 'ORGANIZATION'}, {'text': 'central Italy', 'value': 'LOCATION'}, {'text': 'Catholic Reformation', 'value': 'EVENT'}, {'text': 'Tridentine council', 'value': 'EVENT'}]",[]
Both doors are mirror images of each other and each contain the bronze University seal.,[{'bronze University seal': 'PRODUCT'}],[],"[{'text': 'bronze University seal', 'value': 'ART'}]",[]
"In some cases, black community groups resisted the attacks, especially in Chicago and Washington, D.C.","[{'Chicago': 'LOCATION'}, {'Washington, D.C': 'LOCATION'}]",[],"[{'text': 'Chicago', 'value': 'LOCATION'}, {'text': 'Washington, D.C.', 'value': 'LOCATION'}]",[]
"Six years later, both Richard and Lilli grow into strong and beautiful teenagers.","[{'Richard': 'PERSON'}, {'Lilli': 'PERSON'}]",[],"[{'text': 'Richard', 'value': 'PERSON'}, {'text': 'Lilli', 'value': 'PERSON'}]",[]
The ability to sustain a lucrative business in bootlegging liquor was largely helped by the minimal police surveillance at the time.,[],[],"[{'text': 'bootlegging liquor', 'value': 'OTHER'}]",[]
Another part of the RNA binds to the X-chromosome positioning PRC2 such that it can methylate various regions on the X-chromosome.,"[{'RNA': 'OTHER'}, {'X-chromosome': 'OTHER'}, {'PRC2': 'OTHER'}, {'X-chromosome': 'OTHER'}]",[],"[
  {'text': 'RNA', 'value': 'OTHER'},
  {'text': 'X-chromosome', 'value': 'OTHER'},
  {'text': 'PRC2', 'value': 'OTHER'},
  {'text': 'X-chromosome', 'value': 'OTHER'}
]",[]
Breck Ullr Fest was first held in 1963.,[{'Breck Ullr Fest': 'EVENT'}],[],"[{'text': 'Breck Ullr Fest', 'value': 'EVENT'}]",[]
almost over 75 members of parliament join the alliance.,[],[],[],[]
Malcolm III (; c.26 March 1031 \u2013 13 November 1093 (age 62)) was King of Scots from 1058 to 1093.,"[{'Malcolm III': 'PERSON'}, {'Scots': 'LOCATION'}]",[],"[{'text': 'Malcolm III', 'value': 'PERSON'}, {'text': 'Scots', 'value': 'LOCATION'}]",[]
"Midway through the season, they traded Stacey King to the Minnesota Timberwolves for Luc Longley.","[{'Stacey King': 'PERSON'}, {'Minnesota Timberwolves': 'ORGANIZATION'}, {'Luc Longley': 'PERSON'}]",[],"[{'text': 'Stacey King', 'value': 'PERSON'}, {'text': 'Minnesota Timberwolves', 'value': 'ORGANIZATION'}, {'text': 'Luc Longley', 'value': 'PERSON'}]",[]
"The Germans then attacked again and penetrated C Company, but the tanks of the North Irish Horse stopped the Germans until dusk.","[{'Germans': 'LOCATION'}, {'C Company': 'ORGANIZATION'}, {'North Irish Horse': 'ORGANIZATION'}, {'Germans': 'LOCATION'}]",[],"[{'text': 'Germans', 'value': 'ORGANIZATION'}, {'text': 'C Company', 'value': 'ORGANIZATION'}, {'text': 'North Irish Horse', 'value': 'ORGANIZATION'}]",[]
He also appeared in and Raj Kanwar's action hit ``Jeet``.,"[{'Raj Kanwar': 'PERSON'}, {'Jeet': 'ART'}]",[],"[{'text': 'Raj Kanwar', 'value': 'PERSON'}, {'text': 'Jeet', 'value': 'PRODUCT'}]",[]
Liz Weir won the inaugural International Story Bridge Award of the National Storytelling Network in 2002.,"[{'Liz Weir': 'PERSON'}, {'International Story Bridge Award': 'OTHER'}, {'National Storytelling Network': 'EVENT'}]",[],"[{'text': 'Liz Weir', 'value': 'PERSON'}, {'text': 'International Story Bridge Award', 'value': 'EVENT'}, {'text': 'National Storytelling Network', 'value': 'ORGANIZATION'}]",[]
"Less commonly, cases of hypersexuality have been reported.",[],[],"[{'text': 'hypersexuality', 'value': 'OTHER'}]",[]
"The film is based on the French novel ``L'affaire Cl\u00e9menceau'', by Alexandre Dumas, fils, and is now considered to be lost.","[{'French': 'OTHER'}, {'Alexandre Dumas': 'PERSON'}]",[],"[{'text': 'L'affaire Clémenceau', 'value': 'ART'}, {'text': 'Alexandre Dumas, fils', 'value': 'PERSON'}]",[]
"After it was established by Yadunandan Sharma, at the instruction of Swami Sahajanand Saraswati in 1933, it saw a large number of freedom fighters visiting.","[{'Yadunandan Sharma': 'PERSON'}, {'Swami Sahajanand Saraswati': 'PERSON'}]",[],"[{'text': 'Yadunandan Sharma', 'value': 'PERSON'}, {'text': 'Swami Sahajanand Saraswati', 'value': 'PERSON'}]",[]
"Even though these matrimonial ties existed between the Ula and Nurhaci, a war broke out in 1607 between Nurhaci and the Ula in which the latter were defeated with the loss of some towns.","[{'Ula': 'ORGANIZATION'}, {'Nurhaci': 'PERSON'}, {'Nurhaci': 'PERSON'}, {'Ula': 'ORGANIZATION'}]",[],"[{'text': 'Ula', 'value': 'ORGANIZATION'}, {'text': 'Nurhaci', 'value': 'PERSON'}, {'text': 'Nurhaci', 'value': 'PERSON'}, {'text': 'Ula', 'value': 'ORGANIZATION'}]",[]
"On the formation of the Residential Property Tribunal Service as a result of the Housing Act 2004 the rent assessment committees became part of that body for administrative purposes, and is therefore now called the First Tier Tribunal (Property Chamber - Residential Property).","[{'Residential Property Tribunal Service': 'ORGANIZATION'}, {'Housing Act 2004': 'OTHER'}]",[],"[{'text': 'Residential Property Tribunal Service', 'value': 'ORGANIZATION'}, {'text': 'Housing Act 2004', 'value': 'OTHER'}, {'text': 'rent assessment committees', 'value': 'ORGANIZATION'}, {'text': 'First Tier Tribunal (Property Chamber - Residential Property)', 'value': 'ORGANIZATION'}]",[]
"The ridge is situated northeast of Mount Kliment Ohridski, extending in the north-south direction, wide, and is bounded by Poste Valley to the east, by Palestrina Glacier to the north and its tributary Yozola Glacier to the west.","[{'Mount Kliment Ohridski': 'LOCATION'}, {'Poste Valley': 'LOCATION'}, {'Palestrina Glacier': 'LOCATION'}, {'Yozola Glacier': 'LOCATION'}]",[],"[{'text': 'Mount Kliment Ohridski', 'value': 'LOCATION'}, {'text': 'Poste Valley', 'value': 'LOCATION'}, {'text': 'Palestrina Glacier', 'value': 'LOCATION'}, {'text': 'Yozola Glacier', 'value': 'LOCATION'}]",[]
"After the end of the Civil War, Young was excluded from President Andrew Johns on's amnesty proclamation.","[{'Civil War': 'EVENT'}, {'Young': 'PERSON'}, {'Andrew Johns': 'PERSON'}]",[],"[
  {'text': 'Civil War', 'value': 'EVENT'},
  {'text': 'Young', 'value': 'PERSON'},
  {'text': 'Andrew Johnson', 'value': 'PERSON'}
]",[]
"I, Max was a sports commentary show featuring host Max Kellerman and Michael Holley that aired nightly on Fox Sports Net.","[{'I, Max': 'ART'}, {'Max Kellerman': 'PERSON'}, {'Michael Holley': 'PERSON'}, {'Fox Sports Net': 'ORGANIZATION'}]",[],"[{'text': 'I, Max', 'value': 'EVENT'}, {'text': 'Max Kellerman', 'value': 'PERSON'}, {'text': 'Michael Holley', 'value': 'PERSON'}, {'text': 'Fox Sports Net', 'value': 'ORGANIZATION'}]",[]
Gibraltar suffered a number of air raids during 1940 by the Italian ``Regia Aeronautica`` (operating from Sardinia) and from the Vichy French Air Force (from French North Africa) in retaliation for British and Free French attacks on Mers-el-Kebir and Dakar.,"[{'Gibraltar': 'LOCATION'}, {'Regia Aeronautica': 'ORGANIZATION'}, {'Sardinia': 'LOCATION'}, {'Vichy French Air Force': 'ORGANIZATION'}, {'French North Africa': 'LOCATION'}, {'British': 'ORGANIZATION'}, {'Free French': 'ORGANIZATION'}, {'Mers-el-Kebir': 'LOCATION'}, {'Dakar': 'LOCATION'}]",[],"[{'text': 'Gibraltar', 'value': 'LOCATION'}, {'text': 'Regia Aeronautica', 'value': 'ORGANIZATION'}, {'text': 'Sardinia', 'value': 'LOCATION'}, {'text': 'Vichy French Air Force', 'value': 'ORGANIZATION'}, {'text': 'French North Africa', 'value': 'LOCATION'}, {'text': 'Free French', 'value': 'ORGANIZATION'}, {'text': 'Mers-el-Kebir', 'value': 'LOCATION'}, {'text': 'Dakar', 'value': 'LOCATION'}]",[]
"The name ``Ganapatishvara``, which also gives the town its alternate name ``Ganapatishvaram``, denotes Shiva as ``Lord of Ganesha`` and alludes to the legend that Ganesha killed a demon and then worshipped his father Shiva here.","[{'Ganapatishvara': 'OTHER'}, {'Ganapatishvaram': 'OTHER'}, {'Shiva': 'OTHER'}, {'Lord of Ganesha': 'OTHER'}, {'Ganesha': 'OTHER'}, {'Shiva': 'OTHER'}]",[],"[{'text': 'Ganapatishvara', 'value': 'PERSON'}, {'text': 'Ganapatishvaram', 'value': 'LOCATION'}, {'text': 'Shiva', 'value': 'PERSON'}, {'text': 'Ganesha', 'value': 'PERSON'}]",[]
"Divine Styler says: ``in the school I come from, freestyling was a non-conceptual written rhyme... and now they call freestyling off the top of the head, so the era I come from it's a lot different''.",[{'Divine Styler': 'PERSON'}],[],"[{'text': 'Divine Styler', 'value': 'PERSON'}]",[]
"Shortly after World War I, he purchased a plot of land in Toulon and donated it to the local sports club, RC Toulonnais, for the building of a stadium.","[{'World War I': 'EVENT'}, {'Toulon': 'LOCATION'}, {'RC Toulonnais': 'ORGANIZATION'}]",[],"[{'text': 'World War I', 'value': 'EVENT'}, {'text': 'Toulon', 'value': 'LOCATION'}, {'text': 'RC Toulonnais', 'value': 'ORGANIZATION'}, {'text': 'stadium', 'value': 'BUILDING'}]",[]
"After the 1973 military coup, Ar\u00f3n was forced to go underground.",[{'Ar\\u00f3n': 'PERSON'}],[],"[{'text': '1973 military coup', 'value': 'EVENT'}, {'text': 'Arón', 'value': 'PERSON'}]",[]
"As a longer loaf, it may well have been the origin of French bread as bakers there attempted to adopt the steam method to produce their baguettes.",[{'French': 'LOCATION'}],[],"[{'text': 'French bread', 'value': 'PRODUCT'}, {'text': 'baguettes', 'value': 'PRODUCT'}]",[]
"Eventually, however, the Saudi government and the FBI repeatedly conflicted during the course of the investigation.","[{'Saudi': 'ORGANIZATION'}, {'FBI': 'ORGANIZATION'}]",[],"[{'text': 'Saudi government', 'value': 'ORGANIZATION'}, {'text': 'FBI', 'value': 'ORGANIZATION'}]",[]
It is an orthomyxovirus that contains the glycoproteins haemagglutinin and neuraminidase.,"[{'orthomyxovirus': 'OTHER'}, {'glycoproteins haemagglutinin': 'OTHER'}, {'neuraminidase': 'OTHER'}]",[],"[{'text': 'orthomyxovirus', 'value': 'OTHER'}, {'text': 'haemagglutinin', 'value': 'OTHER'}, {'text': 'neuraminidase', 'value': 'OTHER'}]",[]
"He died in an assisted living facility on election day, November 2, 2004, at the age of 92, survived by his widow and one brother.",[],[],"[
  {'text': 'election day', 'value': 'EVENT'}
]",[]
They were set to take on rival Oregon State in the quarterfinals of the Pac-12 Tournament.,"[{'Oregon State': 'ORGANIZATION'}, {'Pac-12 Tournament': 'EVENT'}]",[],"[{'text': 'Oregon State', 'value': 'ORGANIZATION'}, {'text': 'Pac-12 Tournament', 'value': 'EVENT'}]",[]
"The airport is located south southeast of the Nhulunbuy town centre, on Melville Road.","[{'Nhulunbuy': 'LOCATION'}, {'Melville Road': 'LOCATION'}]",[],"[{'text': 'Nhulunbuy town centre', 'value': 'LOCATION'}, {'text': 'Melville Road', 'value': 'LOCATION'}]",[]
"To further expand its readership, ``The Philippine Star`` entered into a partnership with fast food restaurant Jollibee in 2003 to become the first newspaper to be distributed free of charge in a fast food restaurant.","[{'The Philippine Star': 'OTHER'}, {'Jollibee': 'BUILDING'}]",[],"[{'text': 'The Philippine Star', 'value': 'ORGANIZATION'}, {'text': 'Jollibee', 'value': 'ORGANIZATION'}]",[]
Its headquarters are in Moscow.,[{'Moscow': 'LOCATION'}],[],"[{'text': 'Moscow', 'value': 'LOCATION'}]",[]
They work independently of insulin and can reduce glucose levels without causing hypoglycemia or weight gain.,"[{'insulin': 'OTHER'}, {'hypoglycemia': 'OTHER'}]",[],"[{'text': 'insulin', 'value': 'PRODUCT'}]",[]
The channel has faced charges for spreading fake news and carrying out viewership manipulation on a number of occasions.,[],[],[],[]
Of the company's first direct signings The Rasmus managed to launch a successful international career with the release of their album Dead Letters (2003).,"[{'Rasmus': 'ORGANIZATION'}, {'Dead Letters': 'ART'}]",[],"[{'text': 'The Rasmus', 'value': 'ORGANIZATION'}, {'text': 'Dead Letters', 'value': 'ART'}]",[]
The French credit rating agency Coface declared that the dramatic mining rescue would have a positive impact on Chile's economic reputation.,"[{'French': 'LOCATION'}, {'Coface': 'ORGANIZATION'}, {'Chile': 'LOCATION'}]",[],"[{'text': 'French credit rating agency Coface', 'value': 'ORGANIZATION'}, {'text': 'Chile', 'value': 'LOCATION'}, {'text': 'dramatic mining rescue', 'value': 'EVENT'}]",[]
The newest batch of contestants converged on New Orleans to meet with Tyler and receive a beignet cooking challenge right off the bat.,"[{'New Orleans': 'LOCATION'}, {'Tyler': 'PERSON'}]",[],"[{'text': 'New Orleans', 'value': 'LOCATION'}, {'text': 'Tyler', 'value': 'PERSON'}, {'text': 'beignet cooking challenge', 'value': 'EVENT'}]",[]
"Petit-de-Grat Island is a Canadian island off the coast of Cape Breton Island, in Richmond County, Nova Scotia.","[{'Petit-de-Grat Island': 'LOCATION'}, {'Canadian': 'LOCATION'}, {'Cape Breton Island': 'LOCATION'}, {'Richmond County': 'LOCATION'}, {'Nova Scotia': 'LOCATION'}]",[],"[{'text': 'Petit-de-Grat Island', 'value': 'LOCATION'}, {'text': 'Cape Breton Island', 'value': 'LOCATION'}, {'text': 'Richmond County', 'value': 'LOCATION'}, {'text': 'Nova Scotia', 'value': 'LOCATION'}]",[]
Police investigations revealed the shotgun used to perform the murders was the same weapon used earlier in a bungled attempt to blast open a bank door during a robbery at the State Bank in Oak Park seven months earlier.,"[{'State Bank': 'BUILDING'}, {'Oak Park': 'LOCATION'}]",[],"[{'text': 'State Bank', 'value': 'ORGANIZATION'}, {'text': 'Oak Park', 'value': 'LOCATION'}]",[]
"For the 2019 Frieze Art Fair in London, Agostinelli staged his fourth intervention by depositing a 1 tonne block of translucent ice pulled by a Tesla to the entrance of the fair on opening day.","[{'Frieze Art Fair': 'EVENT'}, {'London': 'LOCATION'}, {'Agostinelli': 'PERSON'}, {'Tesla': 'ORGANIZATION'}]",[],"[{'text': 'Frieze Art Fair', 'value': 'EVENT'}, {'text': 'London', 'value': 'LOCATION'}, {'text': 'Agostinelli', 'value': 'PERSON'}, {'text': 'Tesla', 'value': 'PRODUCT'}]",[]
"He was appointed captain and took part in the naval part of the Siege of Port Hudson in May to July, 1863.",[{'Siege of Port Hudson': 'EVENT'}],[],"[{'text': 'Siege of Port Hudson', 'value': 'EVENT'}, {'text': 'Port Hudson', 'value': 'LOCATION'}]",[]
"Sosa was not called to the World Cup 2010 team by then-manager Diego Maradona, but was reinstated by new coach Alejandro Sabella for the World Cup 2014 qualifiers, and has been featured in several games since 2011.","[{'Sosa': 'PERSON'}, {'World Cup': 'EVENT'}, {'Diego Maradona': 'PERSON'}, {'Alejandro Sabella': 'PERSON'}, {'World Cup': 'EVENT'}]",[],"[{'text': 'Sosa', 'value': 'PERSON'}, {'text': 'World Cup 2010', 'value': 'EVENT'}, {'text': 'Diego Maradona', 'value': 'PERSON'}, {'text': 'Alejandro Sabella', 'value': 'PERSON'}, {'text': 'World Cup 2014 qualifiers', 'value': 'EVENT'}]",[]
The HTC Prophet is a combined Personal Digital Assistant (PDA) and mobile telephone manufactured by HTC.,"[{'HTC Prophet': 'PRODUCT'}, {'Personal Digital Assistant (PDA)': 'PRODUCT'}, {'mobile telephone': 'PRODUCT'}, {'HTC': 'ORGANIZATION'}]",[],"[{'text': 'HTC Prophet', 'value': 'PRODUCT'}, {'text': 'HTC', 'value': 'ORGANIZATION'}]",[]
"The scene is set at the Paris Las Vegas resort, where escaped Pteranodons land atop the resort's Eiffel Tower.","[{'Paris Las Vegas': 'LOCATION'}, {'Eiffel Tower': 'BUILDING'}]",[],"[{'text': 'Paris Las Vegas resort', 'value': 'ORGANIZATION'}, {'text': 'Eiffel Tower', 'value': 'BUILDING'}, {'text': 'Pteranodons', 'value': 'OTHER'}]",[]
"In 1863, he was the treasurer of the City of Denver and Arapahoe County.","[{'City of Denver': 'LOCATION'}, {'Arapahoe County': 'LOCATION'}]",[],"[{'text': 'City of Denver', 'value': 'LOCATION'}, {'text': 'Arapahoe County', 'value': 'LOCATION'}]",[]
Greece fielded a four-strong table tennis team at the 2004 Olympic Games after being granted permission to use host nation qualification places.,"[{'Greece': 'LOCATION'}, {'2004 Olympic Games': 'EVENT'}]",[],"[{'text': 'Greece', 'value': 'LOCATION'}, {'text': '2004 Olympic Games', 'value': 'EVENT'}]",[]
In 2019 he got a ``cum laude'' PhD at Politecnico di Milano with the thesis:`` Hybrid Modular Architecture: a strategic framework of building innovation for emerging housing behaviors in urban contexts `.,"[{'PhD': 'OTHER'}, {'Politecnico di Milano': 'ORGANIZATION'}, {'Hybrid Modular Architecture: a strategic framework of building innovation for emerging housing behaviors in urban contexts': 'ART'}]",[],"[
  {'text': 'Politecnico di Milano', 'value': 'ORGANIZATION'},
  {'text': 'Hybrid Modular Architecture', 'value': 'OTHER'}
]",[]
Both versions of the band continued touring and recording new music concurrently.,[],[],[],[]
"From 1927 to 1944, he was on the books of the All-Union Communist Party (Bolsheviks), later known as the Communist Party of the Soviet Union.","[{'All-Union Communist Party': 'ORGANIZATION'}, {'Bolsheviks': 'ORGANIZATION'}, {'Communist Party of the Soviet Union': 'ORGANIZATION'}]",[],"[{'text': 'All-Union Communist Party (Bolsheviks)', 'value': 'ORGANIZATION'}, {'text': 'Communist Party of the Soviet Union', 'value': 'ORGANIZATION'}]",[]
"In July 1944, the 503rd jumped again, onto Noemfoor Island, off Dutch New Guinea, in the Battle of Noemfoor.","[{'Noemfoor Island': 'LOCATION'}, {'Dutch New Guinea': 'LOCATION'}, {'Battle of Noemfoor': 'EVENT'}]",[],"[{'text': '503rd', 'value': 'ORGANIZATION'}, {'text': 'Noemfoor Island', 'value': 'LOCATION'}, {'text': 'Dutch New Guinea', 'value': 'LOCATION'}, {'text': 'Battle of Noemfoor', 'value': 'EVENT'}]",[]
DMUs in Taiwan are classified as Class DR.,"[{'DMUs': 'PRODUCT'}, {'Taiwan': 'LOCATION'}]",[],"[{'text': 'DMUs', 'value': 'PRODUCT'}, {'text': 'Taiwan', 'value': 'LOCATION'}, {'text': 'Class DR', 'value': 'OTHER'}]",[]
Saunders lost to Fitch by unanimous decision.,"[{'Saunders': 'PERSON'}, {'Fitch': 'PERSON'}]",[],"[{'text': 'Saunders', 'value': 'PERSON'}, {'text': 'Fitch', 'value': 'PERSON'}]",[]
"The basis of the column is orientated northwest/southeast, while its capital is aligned north/south, possibly so that the statue could look towards the nearby Church of the Holy Apostles.",[{'Church of the Holy Apostles': 'BUILDING'}],[],"[{'text': 'Church of the Holy Apostles', 'value': 'BUILDING'}]",[]
"It was previously used by Route 410 to Rehovot, and was known as the Jumping Bridge due to a bump in the middle of the bridge which caused cars to jump if speeding.","[{'Route 410': 'LOCATION'}, {'Rehovot': 'LOCATION'}, {'Jumping Bridge': 'BUILDING'}]",[],"[
  {'text': 'Route 410', 'value': 'OTHER'},
  {'text': 'Rehovot', 'value': 'LOCATION'},
  {'text': 'Jumping Bridge', 'value': 'BUILDING'}
]",[]
"On January 11, 2018 it was announced that Trout would make a ring return against Colombia n boxer Juan De Angel on the Devon Alexander vs. Victor Ortiz undercard on February 17 at the Don Haskins Center on the UTEP campus in El Paso, Texas.","[{'Trout': 'ORGANIZATION'}, {'Colombia': 'LOCATION'}, {'Juan De Angel': 'PERSON'}, {'Devon Alexander': 'ORGANIZATION'}, {'Victor Ortiz': 'ORGANIZATION'}, {'Don Haskins Center': 'BUILDING'}, {'UTEP': 'ORGANIZATION'}, {'El Paso': 'LOCATION'}, {'Texas': 'LOCATION'}]",[],"[{'text': 'Trout', 'value': 'PERSON'}, {'text': 'Juan De Angel', 'value': 'PERSON'}, {'text': 'Devon Alexander', 'value': 'PERSON'}, {'text': 'Victor Ortiz', 'value': 'PERSON'}, {'text': 'Don Haskins Center', 'value': 'BUILDING'}, {'text': 'UTEP', 'value': 'ORGANIZATION'}, {'text': 'El Paso, Texas', 'value': 'LOCATION'}]",[]
"Xiongnu had been incessantly attacking the Xiyu (central Asia) kingdom of Wusun, whose queen was the Han princess Liu Jieyou).","[{'Xiongnu': 'LOCATION'}, {'Xiyu': 'LOCATION'}, {'Asia': 'LOCATION'}, {'Wusun': 'LOCATION'}, {'Han': 'LOCATION'}, {'Liu Jieyou': 'PERSON'}]",[],"[{'text': 'Xiongnu', 'value': 'ORGANIZATION'}, {'text': 'Xiyu', 'value': 'LOCATION'}, {'text': 'Wusun', 'value': 'LOCATION'}, {'text': 'Han', 'value': 'ORGANIZATION'}, {'text': 'Liu Jieyou', 'value': 'PERSON'}]",[]
"Despite the 3-hour running time and its sometimes slow pace, it proved enormously popular with the public and put Jacques Feyder into the front rank of French film-makers.","[{'Jacques Feyder': 'PERSON'}, {'French': 'LOCATION'}]",[],"[{'text': 'Jacques Feyder', 'value': 'PERSON'}]",[]
The Rake's Progress is a 1945 British comedy-drama film.,"[{""The Rake's Progress"": 'ART'}, {'British': 'LOCATION'}]",[],"[{'text': 'The Rake\'s Progress', 'value': 'ART'}]",[]
"As an MP, McGhee was described as an orthodox Irish nationalist.","[{'McGhee': 'PERSON'}, {'orthodox Irish': 'ORGANIZATION'}]",[],"The list of named entities in the text: [{'text': 'McGhee', 'value': 'PERSON'}].",[]
Saab gave Mr Gilbert a Saab 9-5 Aero.,"[{'Saab': 'ORGANIZATION'}, {'Gilbert': 'PERSON'}, {'Saab 9-5 Aero': 'PRODUCT'}]",[],"[{'text': 'Saab', 'value': 'ORGANIZATION'}, {'text': 'Mr Gilbert', 'value': 'PERSON'}, {'text': 'Saab 9-5 Aero', 'value': 'PRODUCT'}]",[]
"Having been developed as a player through Dundee United's youth system, Walker made six league appearances for the United first team, his last coming in September 1997.","[{'Dundee United': 'ORGANIZATION'}, {'Walker': 'PERSON'}, {'United': 'ORGANIZATION'}]",[],"[{'text': 'Dundee United', 'value': 'ORGANIZATION'}, {'text': 'Walker', 'value': 'PERSON'}]",[]
"He was awarded the Distinguished Flying Cross during World War II for his service as a de Havilland Mosquito night-fighter pilot with the Royal Canadian Air Force, having destroyed four enemy aircraft, including the first Mistel composite ``piggyback'' aircraft.","[{'Distinguished Flying Cross': 'OTHER'}, {'World War II': 'EVENT'}, {'de Havilland Mosquito': 'PRODUCT'}, {'Royal Canadian Air Force': 'ORGANIZATION'}, {""Mistel composite ``piggyback'' aircraft"": 'PRODUCT'}]",[],"[{'text': 'Distinguished Flying Cross', 'value': 'OTHER'}, {'text': 'World War II', 'value': 'EVENT'}, {'text': 'de Havilland Mosquito', 'value': 'PRODUCT'}, {'text': 'Royal Canadian Air Force', 'value': 'ORGANIZATION'}, {'text': 'Mistel', 'value': 'PRODUCT'}]",[]
"In 1919 Gagnon married Lucile Rodier, also a pupil of William Bremner.","[{'Gagnon': 'PERSON'}, {'Lucile Rodier': 'PERSON'}, {'William Bremner': 'PERSON'}]",[],"[{'text': 'Gagnon', 'value': 'PERSON'}, {'text': 'Lucile Rodier', 'value': 'PERSON'}, {'text': 'William Bremner', 'value': 'PERSON'}]",[]
It is the birthplace of actor John Wayne.,[{'John Wayne': 'PERSON'}],[],"[{'text': 'John Wayne', 'value': 'PERSON'}]",[]
The Central Bank of Brazil is the central bank and the issuing authority.,[{'Central Bank of Brazil': 'ORGANIZATION'}],[],"[{'text': 'Central Bank of Brazil', 'value': 'ORGANIZATION'}]",[]
"Graduating with a BA in Psychology, and a minor in Criminology.",[{'BA': 'OTHER'}],[],"[{'text': 'Psychology', 'value': 'OTHER'}, {'text': 'Criminology', 'value': 'OTHER'}]",[]
It is a part of the National Highway network linking the state capital cities Adelaide to Melbourne and signed as National Highway M1.,"[{'Adelaide': 'LOCATION'}, {'Melbourne': 'LOCATION'}, {'National Highway M1': 'LOCATION'}]",[],"[{'text': 'National Highway network', 'value': 'ORGANIZATION'}, {'text': 'Adelaide', 'value': 'LOCATION'}, {'text': 'Melbourne', 'value': 'LOCATION'}, {'text': 'National Highway M1', 'value': 'ORGANIZATION'}]",[]
"The men's individual road race at the 1956 Summer Olympics in Melbourne, Australia, was held on Friday 7 December 1956.","[{'Summer Olympics': 'EVENT'}, {'Melbourne': 'LOCATION'}, {'Australia': 'LOCATION'}]",[],"[{'text': '1956 Summer Olympics', 'value': 'EVENT'}, {'text': 'Melbourne', 'value': 'LOCATION'}, {'text': 'Australia', 'value': 'LOCATION'}]",[]
Natesan stood as the UNP's candidate in Kankesanthurai at the 1947 parliamentary elections but was defeated by the All Ceylon Tamil Congress (ACTC) candidate S.J.V.Chelvanayakam.,"[{'Natesan': 'PERSON'}, {'UNP': 'ORGANIZATION'}, {'Kankesanthurai': 'LOCATION'}, {'All Ceylon Tamil Congress': 'ORGANIZATION'}, {'ACTC': 'ORGANIZATION'}, {'Chelvanayakam': 'PERSON'}]",[],"[{'text':'Natesan', 'value':'PERSON'}, {'text':'UNP', 'value':'ORGANIZATION'}, {'text':'Kankesanthurai', 'value':'LOCATION'}, {'text':'1947 parliamentary elections', 'value':'EVENT'}, {'text':'All Ceylon Tamil Congress (ACTC)', 'value':'ORGANIZATION'}, {'text':'S.J.V.Chelvanayakam', 'value':'PERSON'}]",[]
He also was trained at the Royal Danish Academy of Fine Arts in Copenhagen under Professor Einar Utzon-Frank from 1945-1946.,"[{'Royal Danish Academy of Fine Arts': 'ORGANIZATION'}, {'Copenhagen': 'LOCATION'}, {'Einar Utzon-Frank': 'PERSON'}]",[],"[{'text': 'Royal Danish Academy of Fine Arts', 'value': 'ORGANIZATION'}, {'text': 'Copenhagen', 'value': 'LOCATION'}, {'text': 'Einar Utzon-Frank', 'value': 'PERSON'}]",[]
The 20Q AI can draw its own conclusions on how to interpret the information.,[{'20Q AI': 'PRODUCT'}],[],"[{'text': '20Q AI', 'value': 'PRODUCT'}]",[]
He is mayor of Moerbeke-Waas since 2013 and member of the Belgian Federal Parliament since 2019.,"[{'Moerbeke-Waas': 'LOCATION'}, {'Belgian Federal Parliament': 'ORGANIZATION'}]",[],"[{'text': 'Moerbeke-Waas', 'value': 'LOCATION'}, {'text': 'Belgian Federal Parliament', 'value': 'ORGANIZATION'}]",[]
It was also shortlisted for the 2012 Forward Prize for Best First Collection.,[{'Forward Prize for Best First Collection': 'OTHER'}],[],"[{'text': '2012 Forward Prize for Best First Collection', 'value': 'EVENT'}]",[]
"Nevestino's name roughly means ``the bride's [ place, field ]'', from the word`` nevesta'' (\u043d\u0435\u0432\u0435\u0441\u0442\u0430), ``bride'', attested in Old Bulgarian.",[{'Nevestino': 'LOCATION'}],[],"[{'text': 'Nevestino', 'value': 'LOCATION'}, {'text': 'Old Bulgarian', 'value': 'OTHER'}]",[]
"A second phase of work, conducted between 1890 and 1893, involved the construction of the east relief bridge along with the refurbishment of the west bridge.",[],[],"[{'text': 'east relief bridge', 'value': 'BUILDING'}, {'text': 'west bridge', 'value': 'BUILDING'}]",[]
"All lyrics written by Kellin Quinn and Jesse Lawson unless noted, all music composed by Sleeping with Sirens","[{'Kellin Quinn': 'PERSON'}, {'Jesse Lawson': 'PERSON'}]",[],"[{'text': 'Kellin Quinn', 'value': 'PERSON'}, {'text': 'Jesse Lawson', 'value': 'PERSON'}, {'text': 'Sleeping with Sirens', 'value': 'ORGANIZATION'}]",[]
"Over 50 miles of the long-distance Ozark Trail were damaged, requiring many months of repairs to rehabilitate.",[{'Ozark Trail': 'LOCATION'}],[],"[{'text': 'Ozark Trail', 'value': 'LOCATION'}]",[]
"Caunter remained a regular character until new executive producer Louise Berridge axed him in 2003, a decision which she later stated she regretted.","[{'Caunter': 'PERSON'}, {'Louise Berridge': 'PERSON'}]",[],"[{'text': 'Caunter', 'value': 'PERSON'}, {'text': 'Louise Berridge', 'value': 'PERSON'}]",[]
"The fleet finally sailed in 364, but modern scholars believe that Epaminondas achieved no lasting gains for Thebes on this voyage.",[{'Thebes': 'LOCATION'}],[],"[{'text': 'Epaminondas', 'value': 'PERSON'}, {'text': 'Thebes', 'value': 'LOCATION'}]",[]
"Lord Aberdeen died in August 1801, aged 79.",[{'Aberdeen': 'PERSON'}],[],"[{'text': 'Lord Aberdeen', 'value': 'PERSON'}]",[]
"Former Blizzard North members who joined Castaway Entertainment include Michael Scandizzo, Stefan Scandizzo, Alan Ackerman, Steven Woo, Rick Seis, Ted Bisson, Bruno Bowden, Peter Brevik, Michael Huang, Kelly Johnson (artist), Michio Okamura, Tom Ricket (also known as Sluggy Freelance's Shirt Guy Tom), and Fredrick Vaught (after whom the Halls of Vaught in Diablo II were named).","[{'Blizzard North': 'ORGANIZATION'}, {'Castaway Entertainment': 'ORGANIZATION'}, {'Michael Scandizzo': 'PERSON'}, {'Stefan Scandizzo': 'PERSON'}, {'Alan Ackerman': 'PERSON'}, {'Steven Woo': 'PERSON'}, {'Rick Seis': 'PERSON'}, {'Ted Bisson': 'PERSON'}, {'Bruno Bowden': 'PERSON'}, {'Peter Brevik': 'PERSON'}, {'Michael Huang': 'PERSON'}, {'Kelly Johnson': 'PERSON'}, {'Michio Okamura': 'PERSON'}, {'Tom Ricket': 'PERSON'}, {""Sluggy Freelance's Shirt Guy Tom"": 'PERSON'}, {'Fredrick Vaught': 'PERSON'}, {'Halls of Vaught': 'LOCATION'}, {'Diablo II': 'PRODUCT'}]",[],"[
  {'text': 'Blizzard North', 'value': 'ORGANIZATION'},
  {'text': 'Castaway Entertainment', 'value': 'ORGANIZATION'},
  {'text': 'Michael Scandizzo', 'value': 'PERSON'},
  {'text': 'Stefan Scandizzo', 'value': 'PERSON'},
  {'text': 'Alan Ackerman', 'value': 'PERSON'},
  {'text': 'Steven Woo', 'value': 'PERSON'},
  {'text': 'Rick Seis', 'value': 'PERSON'},
  {'text': 'Ted Bisson', 'value': 'PERSON'},
  {'text': 'Bruno Bowden', 'value': 'PERSON'},
  {'text': 'Peter Brevik', 'value': 'PERSON'},
  {'text': 'Michael Huang', 'value': 'PERSON'},
  {'text': 'Kelly Johnson', 'value': 'PERSON'},
  {'text': 'Michio Okamura', 'value': 'PERSON'},
  {'text': 'Tom Ricket', 'value': 'PERSON'},
  {'text': 'Fredrick Vaught', 'value': 'PERSON'},
  {'text': 'Diablo II', 'value': 'PRODUCT'},
  {'text': 'Halls of Vaught', 'value': 'LOCATION'}
]",[]
"On 2 September 2006, al-Bashir agreed to pardon and release Tomo Kri\u017enar.","[{'al-Bashir': 'PERSON'}, {'Tomo Kri\\u017enar': 'PERSON'}]",[],"[{'text': 'al-Bashir', 'value': 'PERSON'}, {'text': 'Tomo Križenar', 'value': 'PERSON'}]",[]
Nick Strange and Ben Helm competed in the L ightweight double sculls and Lightweight four at the Atlanta Olympic Games in 1996.,"[{'Nick Strange': 'PERSON'}, {'Ben Helm': 'PERSON'}, {'ightweight double sculls and Lightweight four': 'ORGANIZATION'}, {'Atlanta Olympic Games': 'LOCATION'}]",[],"[{'text': 'Nick Strange', 'value': 'PERSON'}, {'text': 'Ben Helm', 'value': 'PERSON'}, {'text': 'L ightweight double sculls', 'value': 'EVENT'}, {'text': 'Lightweight four', 'value': 'EVENT'}, {'text': 'Atlanta Olympic Games', 'value': 'EVENT'}]",[]
"``Pointe G\u00fcssfeldt`` (4,112 m), the highest summit on the Aiguille Blanche de Peuterey is named after him, as is the ``G\u00fcssfeldtsattel``, the col between Piz Scerscen and Piz Roseg also known as the ``Porta da Roseg``.","[{'Pointe G\\u00fcssfeldt': 'LOCATION'}, {'Aiguille Blanche de Peuterey': 'LOCATION'}, {'G\\u00fcssfeldtsattel': 'LOCATION'}, {'Piz Scerscen': 'LOCATION'}, {'Piz Roseg also': 'LOCATION'}, {'Porta da Roseg': 'LOCATION'}]",[],"[{'text': 'Pointe Güssfeldt', 'value': 'LOCATION'}, {'text': 'Aiguille Blanche de Peuterey', 'value': 'LOCATION'}, {'text': 'Güssfeldtsattel', 'value': 'LOCATION'}, {'text': 'Piz Scerscen', 'value': 'LOCATION'}, {'text': 'Piz Roseg', 'value': 'LOCATION'}, {'text': 'Porta da Roseg', 'value': 'LOCATION'}]",[]
Conjunctions are connect two or more ideas into a single sentence.There are also disjunctive conjunctions to separate two or more mutually exclusive options presented in a sentence.,[],[],[],[]
"Therefore, the total RER misalignment is given by the extent to which economic fundamentals differ from their long-run sustainable levels.",[],[],"[{'text': 'RER', 'value': 'OTHER'}]",[]
He and teammate Mohd Zaiza Zainal Abidin was sold to Pahang for the 2011 season.,"[{'Mohd Zaiza Zainal Abidin': 'PERSON'}, {'Pahang': 'ORGANIZATION'}]",[],"[{'text': 'Mohd Zaiza Zainal Abidin', 'value': 'PERSON'}, {'text': 'Pahang', 'value': 'ORGANIZATION'}, {'text': '2011 season', 'value': 'EVENT'}]",[]
"Dream 10: Welterweight Grand Prix 2009 Final Round was an event held on July 20, 2009 at the Saitama Super Arena in Saitama, Saitama, Japan.","[{'Welterweight Grand Prix 2009 Final Round': 'EVENT'}, {'Saitama Super Arena': 'BUILDING'}, {'Saitama': 'LOCATION'}, {'Saitama': 'LOCATION'}, {'Japan': 'LOCATION'}]",[],"[{'text': 'Dream 10: Welterweight Grand Prix 2009 Final Round', 'value': 'EVENT'}, {'text': 'Saitama Super Arena', 'value': 'BUILDING'}, {'text': 'Saitama', 'value': 'LOCATION'}, {'text': 'Saitama', 'value': 'LOCATION'}, {'text': 'Japan', 'value': 'LOCATION'}]",[]
There are several makers of reproduction equipment and many artists work with collodion around the globe.,[],[],"[{'text': 'collodion', 'value': 'PRODUCT'}]",[]
Section 1 (2) of this act affirmed the provision in the Treaty that the position of Ireland remained a matter for the Parliament of Northern Ireland:,"[{'Treaty': 'OTHER'}, {'Parliament of Northern Ireland': 'ORGANIZATION'}]",[],"[{'text': 'Treaty', 'value': 'EVENT'}, {'text': 'Ireland', 'value': 'LOCATION'}, {'text': 'Parliament of Northern Ireland', 'value': 'ORGANIZATION'}]",[]
Her next appearance was at the Hotel del Coronado in 1892.,[{'Hotel del Coronado': 'BUILDING'}],[],"[{'text': 'Hotel del Coronado', 'value': 'BUILDING'}]",[]
"Later, in 1215, the lands were passed into the hands of Simon's cousin, Ranulph de Meschines, 4th Earl of Chester.","[{'Simon': 'PERSON'}, {'Ranulph de Meschines': 'PERSON'}, {'Chester': 'LOCATION'}]",[],"[{'text': 'Simon', 'value': 'PERSON'}, {'text': 'Ranulph de Meschines', 'value': 'PERSON'}, {'text': '4th Earl of Chester', 'value': 'OTHER'}]",[]
Large donations have kept the ship berthed at its Philadelphia dock while the group continues to further investigate restoration plans.,[],[],"[{'text': 'Philadelphia', 'value': 'LOCATION'}]",[]
The film was commercially successful.,[],[],[],[]
"The other higher main peak is named North Twin, with a height of.",[{'North Twin': 'LOCATION'}],[],"[{'text': 'North Twin', 'value': 'LOCATION'}]",[]
"However, scopolamine has greater effects on the central nervous system (CNS) than atropine due to its ability to cross the blood\u2013brain barrier.","[{'scopolamine': 'OTHER'}, {'atropine': 'OTHER'}]",[],"[{'text': 'scopolamine', 'value': 'PRODUCT'}, {'text': 'atropine', 'value': 'PRODUCT'}, {'text': 'central nervous system (CNS)', 'value': 'OTHER'}, {'text': 'blood–brain barrier', 'value': 'OTHER'}]",[]
His burial in 1791 after a funeral in the Stephansdom simply followed the regulations of the day.,[{'Stephansdom': 'BUILDING'}],[],"[{'text': 'Stephansdom', 'value': 'BUILDING'}]",[]
He worked as a teacher and was principal of St Patrick's College in Dungiven for many years.,"[{""St Patrick's College"": 'ORGANIZATION'}, {'Dungiven': 'LOCATION'}]",[],"[{'text': 'St Patrick\'s College', 'value': 'ORGANIZATION'}, {'text': 'Dungiven', 'value': 'LOCATION'}]",[]
The Golden Gate Bridge had a permanent movable barrier system installed in January 2015.,[{'Golden Gate Bridge': 'LOCATION'}],[],"[{'text': 'Golden Gate Bridge', 'value': 'BUILDING'}]",[]
Ajax TOCCO is located outside city limits.,[],[],"[{'text': 'Ajax TOCCO', 'value': 'ORGANIZATION'}]",[]
82.,[],[],[],[]
He successfully led Paris's bid for the 2024 Summer Olympics and is serving as the head of the organizing committee for those games.,"[{'Paris': 'LOCATION'}, {'Summer Olympics': 'EVENT'}]",[],"[{'text': 'Paris', 'value': 'LOCATION'}, {'text': '2024 Summer Olympics', 'value': 'EVENT'}, {'text': 'organizing committee', 'value': 'ORGANIZATION'}]",[]
"These implementations originally come from NetBSD, and support decompression of bzip2 and the Unix pack format.","[{'NetBSD': 'PRODUCT'}, {'bzip2': 'PRODUCT'}, {'Unix pack format': 'PRODUCT'}]",[],"[{'text': 'NetBSD', 'value': 'ORGANIZATION'}, {'text': 'bzip2', 'value': 'PRODUCT'}, {'text': 'Unix', 'value': 'PRODUCT'}]",[]
"``Mestakung`` was directed by John de Rantau, best known for the Academy Award -submitted ``Denias Senandung Di Atas Awan`` (``Denias, Singing on the Cloud`` ; 2006) and ``Obama Anak Menteng`` (``Obama, Child of Menteng`` (2009).","[{'Mestakung': 'ART'}, {'John de Rantau': 'PERSON'}, {'Academy Award': 'OTHER'}, {'Denias Senandung Di Atas Awan': 'ART'}, {'Denias, Singing on the Cloud': 'ART'}, {'Obama Anak Menteng': 'ART'}, {'Obama, Child of Menteng': 'ART'}]",[],"[
  {'text': 'Mestakung', 'value': 'ART'}, 
  {'text': 'John de Rantau', 'value': 'PERSON'}, 
  {'text': 'Academy Award', 'value': 'EVENT'}, 
  {'text': 'Denias Senandung Di Atas Awan', 'value': 'ART'}, 
  {'text': 'Denias, Singing on the Cloud', 'value': 'ART'}, 
  {'text': 'Obama Anak Menteng', 'value': 'ART'}, 
  {'text': 'Obama, Child of Menteng', 'value': 'ART'}, 
  {'text': 'Menteng', 'value': 'LOCATION'}
]",[]
"Dreamscape is a 1984 American dark science-fiction adventure horror film directed by Joseph Ruben and written by David Loughery, with Chuck Russell and Ruben co-writing.","[{'Dreamscape': 'ART'}, {'American': 'LOCATION'}, {'Joseph Ruben': 'PERSON'}, {'David Loughery': 'PERSON'}, {'Chuck Russell': 'PERSON'}, {'Ruben': 'PERSON'}]",[],"[{'text': 'Dreamscape', 'value': 'PRODUCT'}, {'text': 'Joseph Ruben', 'value': 'PERSON'}, {'text': 'David Loughery', 'value': 'PERSON'}, {'text': 'Chuck Russell', 'value': 'PERSON'}, {'text': 'Ruben', 'value': 'PERSON'}]",[]
"At the height of the project, over 200 German officers participated, including Heinz Guderian and Franz Halder.","[{'German': 'LOCATION'}, {'Heinz Guderian': 'PERSON'}, {'Franz Halder': 'PERSON'}]",[],"[{'text': 'Heinz Guderian', 'value': 'PERSON'}, {'text': 'Franz Halder', 'value': 'PERSON'}]",[]
"The current operators, Ace Radio Broadcasters purchased 3YB in 1995.","[{'Ace Radio Broadcasters': 'ORGANIZATION'}, {'3YB': 'ORGANIZATION'}]",[],"[{'text': 'Ace Radio Broadcasters', 'value': 'ORGANIZATION'}, {'text': '3YB', 'value': 'OTHER'}]",[]
"However, it will dissolve in hydrochloric and sulfuric acid, especially when fluorine is present.","[{'hydrochloric': 'OTHER'}, {'sulfuric acid': 'OTHER'}, {'fluorine': 'OTHER'}]",[],"[{'text': 'hydrochloric', 'value': 'PRODUCT'}, {'text': 'sulfuric acid', 'value': 'PRODUCT'}, {'text': 'fluorine', 'value': 'PRODUCT'}]",[]
"The over mountain retreat has unique design features with strong Asian influences, stemming from his earliest inspirations at the time like Shosoin Treasure House in Nara, Japan, among others.","[{'Asian': 'LOCATION'}, {'Shosoin Treasure House': 'BUILDING'}, {'Nara': 'LOCATION'}, {'Japan': 'LOCATION'}]",[],"[{'text': 'Shosoin Treasure House', 'value': 'BUILDING'}, {'text': 'Nara', 'value': 'LOCATION'}, {'text': 'Japan', 'value': 'LOCATION'}]",[]
Human Rights Watch also accused Ansar al-Islam fighters of torturing prisoners and summarily executing captured PUK soldiers.,"[{'Human Rights Watch': 'ORGANIZATION'}, {'Ansar al-Islam': 'ORGANIZATION'}, {'PUK': 'ORGANIZATION'}]",[],"[{'text': 'Human Rights Watch', 'value': 'ORGANIZATION'}, {'text': 'Ansar al-Islam', 'value': 'ORGANIZATION'}, {'text': 'PUK', 'value': 'ORGANIZATION'}]",[]
Today the reservoir is attended by Yorkshire Water staff who can gain vehicular access to the valve house through a locked gate and gravel track that runs along the top of the dam wall.,[{'Yorkshire Water': 'ORGANIZATION'}],[],"[{'text': 'Yorkshire Water', 'value': 'ORGANIZATION'}, {'text': 'valve house', 'value': 'BUILDING'}, {'text': 'dam wall', 'value': 'BUILDING'}]",[]
"While a student, he was hired by the Hillman Library to work the circulation desk of the Spoken Arts Collection.",[{'Hillman Library': 'BUILDING'}],[],"[{'text': 'Hillman Library', 'value': 'BUILDING'}, {'text': 'Spoken Arts Collection', 'value': 'ART'}]",[]
"In 1898, James Cullen founded the Pioneer Total Abstinence Association in response to the fading influence of the original temperance pledge and this organisation remains active to this day.","[{'James Cullen': 'PERSON'}, {'Pioneer Total Abstinence Association': 'ORGANIZATION'}]",[],"[{'text': 'James Cullen', 'value': 'PERSON'}, {'text': 'Pioneer Total Abstinence Association', 'value': 'ORGANIZATION'}]",[]
"Its promotion, however, is visible almost everywhere: in classroom posters, banners on the street, and electronic display boards for the preparation of the 2008 Olympics, and World Expo 2010 in Shanghai.","[{'2008 Olympics': 'EVENT'}, {'World Expo 2010': 'EVENT'}, {'Shanghai': 'LOCATION'}]",[],"[{'text': '2008 Olympics', 'value': 'EVENT'}, {'text': 'World Expo 2010', 'value': 'EVENT'}, {'text': 'Shanghai', 'value': 'LOCATION'}]",[]
"By 2011 the number of Blimpie locations had fallen to 739 stores, and revenue was down to just over $ 110 million.",[{'Blimpie': 'ORGANIZATION'}],[],"[{'text': 'Blimpie', 'value': 'ORGANIZATION'}]",[]
"Fud\u014d My\u014d\u014d is found in Shingon Buddhism as a guardian deity, (and patron of martial arts) who is portrayed as carrying a sword in his right hand (to cut through delusions and ignorance) and a rope in his left (to bind ``evil forces'' and violent or uncontrolled passions and emotions).",[{'Shingon Buddhism': 'ORGANIZATION'}],[],"[{'text': 'Fudō Myōō', 'value': 'PERSON'}, {'text': 'Shingon Buddhism', 'value': 'ORGANIZATION'}]",[]
Each of the platforms was long.,[],[],[],[]
Soon he moved from open mic night to a regular spot on the show ``Catch a Rising Star`` at the MGM Grand Hotel and Casino.,"[{'Catch a Rising Star': 'EVENT'}, {'MGM Grand Hotel and Casino': 'BUILDING'}]",[],"[
  {'text': 'Catch a Rising Star', 'value': 'EVENT'},
  {'text': 'MGM Grand Hotel and Casino', 'value': 'BUILDING'}
]",[]
It contains 65 listed buildings that are recorded in the National Heritage List for England.,[{'England': 'LOCATION'}],[],"[{'text': 'National Heritage List for England', 'value': 'PRODUCT'}]",[]
"Players vote to form a union, United States Football League Players Association, with former Buffalo Bills linebacker Doug Allen serving as executive director.","[{'United States Football League Players Association': 'ORGANIZATION'}, {'Buffalo Bills': 'ORGANIZATION'}, {'Doug Allen': 'PERSON'}]",[],"[{'text': 'United States Football League Players Association', 'value': 'ORGANIZATION'}, {'text': 'Buffalo Bills', 'value': 'ORGANIZATION'}, {'text': 'Doug Allen', 'value': 'PERSON'}]",[]
"The Leeward Antilles islands Aruba, Bonaire, and Cura\u00e7ao, which lie in the Caribbean Sea off the coast of Venezuela, were formerly thought to represent the submerged peaks of the extreme northern edge of the Andes range, but ongoing geological studies indicate that such a simplification does not do justice to the complex tectonic boundary between the South American and Caribbean plates.","[{'Leeward Antilles islands Aruba': 'LOCATION'}, {'Bonaire': 'LOCATION'}, {'Cura\\u00e7ao': 'LOCATION'}, {'Caribbean Sea': 'LOCATION'}, {'Venezuela': 'LOCATION'}, {'Andes range': 'LOCATION'}, {'American': 'LOCATION'}, {'Caribbean': 'LOCATION'}]",[],"[
  {'text': 'Leeward Antilles', 'value': 'LOCATION'},
  {'text': 'Aruba', 'value': 'LOCATION'},
  {'text': 'Bonaire', 'value': 'LOCATION'},
  {'text': 'Curaçao', 'value': 'LOCATION'},
  {'text': 'Caribbean Sea', 'value': 'LOCATION'},
  {'text': 'Venezuela', 'value': 'LOCATION'},
  {'text': 'Andes range', 'value': 'LOCATION'},
  {'text': 'South American', 'value': 'OTHER'},
  {'text': 'Caribbean', 'value': 'OTHER'}
]",[]
"In 1506, he took part in a coup to enthrone King Jungjong and was recorded in history as a meritorious subject who was involved in tranquilizing the state and received the title of Incheongun.",[{'Jungjong': 'PERSON'}],[],"[{'text': 'King Jungjong', 'value': 'PERSON'}, {'text': 'Incheongun', 'value': 'OTHER'}]",[]
A majority vote by IRIFF officials terminated him from his position.,[{'IRIFF': 'ORGANIZATION'}],[],"[{'text': 'IRIFF', 'value': 'ORGANIZATION'}]",[]
"On 22 July 1812, General Arthur Wellesley, Marquess Wellington's won a great victory over Marshal Auguste Marmont's Army of Portugal at the Battle of Salamanca.","[{'Arthur Wellesley': 'PERSON'}, {'Marquess Wellington': 'PERSON'}, {'Auguste Marmont': 'PERSON'}, {'Portugal': 'LOCATION'}, {'Battle of Salamanca': 'EVENT'}]",[],"[{'text': '22 July 1812', 'value': 'OTHER'}, {'text': 'Arthur Wellesley', 'value': 'PERSON'}, {'text': 'Marquess Wellington', 'value': 'PERSON'}, {'text': 'Auguste Marmont', 'value': 'PERSON'}, {'text': 'Army of Portugal', 'value': 'ORGANIZATION'}, {'text': 'Battle of Salamanca', 'value': 'EVENT'}, {'text': 'Salamanca', 'value': 'LOCATION'}]",[]
"The airline began operations in 2007 as an independent airline using branding licensed from the United Kingdom -based Virgin Group, which also controls the brand of the Virgin Atlantic and Virgin Australia airlines.","[{'United Kingdom': 'LOCATION'}, {'Virgin Group': 'ORGANIZATION'}, {'Virgin Atlantic': 'ORGANIZATION'}, {'Virgin Australia airlines': 'ORGANIZATION'}]",[],"[
{'text': 'United Kingdom', 'value': 'LOCATION'},
{'text': 'Virgin Group', 'value': 'ORGANIZATION'}, 
{'text': 'Virgin Atlantic', 'value': 'ORGANIZATION'},
{'text': 'Virgin Australia', 'value': 'ORGANIZATION'}
]",[]
"Five Guys has received numerous awards in D.C. area publications, including ``Number 1 Burger'' by`` Washingtonian Magazine ``for seven years.","[{'Five Guys': 'BUILDING'}, {'D.C.': 'LOCATION'}, {'Washingtonian Magazine': 'ORGANIZATION'}]",[],"[{'text': 'Five Guys', 'value': 'ORGANIZATION'}, {'text': 'D.C. area', 'value': 'LOCATION'}, {'text': 'Number 1 Burger', 'value': 'EVENT'}, {'text': 'Washingtonian Magazine', 'value': 'ORGANIZATION'}]",[]
while the track ``Zinda`` topped the songs chart.,[{'Zinda': 'ART'}],[],"[{'text': 'Zinda', 'value': 'PRODUCT'}]",[]
For more concepts see Proposed Uranus missions.,[{'Uranus': 'OTHER'}],[],"[{'text': 'Uranus', 'value': 'LOCATION'}, {'text': 'Proposed Uranus missions', 'value': 'EVENT'}]",[]
"After having graduated from the University of Ottawa, Desmarais went to Osgoode Law School until he began working for Sudbury Bus Lines Limited, the restructured bus company formed from the remnants of the Sudbury and Copper Cliff Suburban Electric Railway his grandfather had founded.","[{'University of Ottawa': 'ORGANIZATION'}, {'Desmarais': 'PERSON'}, {'Osgoode Law School': 'ORGANIZATION'}, {'Sudbury Bus Lines Limited': 'ORGANIZATION'}, {'Sudbury': 'ORGANIZATION'}, {'Copper Cliff Suburban Electric Railway': 'ORGANIZATION'}]",[],"[
{'text': 'University of Ottawa', 'value': 'ORGANIZATION'},
{'text': 'Desmarais', 'value': 'PERSON'},
{'text': 'Osgoode Law School', 'value': 'ORGANIZATION'},
{'text': 'Sudbury Bus Lines Limited', 'value': 'ORGANIZATION'},
{'text': 'Sudbury and Copper Cliff Suburban Electric Railway', 'value': 'ORGANIZATION'},
{'text': 'Sudbury', 'value': 'LOCATION'},
{'text': 'Copper Cliff', 'value': 'LOCATION'}
]",[]
"In addition, some Chuck E.Cheese locations offer alcoholic beverages.",[{'Chuck E.Cheese': 'BUILDING'}],[],"[{'text': 'Chuck E.Cheese', 'value': 'ORGANIZATION'}]",[]
"However, human and prairie dog cases have occurred in the US due to contact with animals imported from Ghana.","[{'prairie dog': 'OTHER'}, {'US': 'LOCATION'}, {'Ghana': 'LOCATION'}]",[],"[{'text': 'US', 'value': 'LOCATION'}, {'text': 'Ghana', 'value': 'LOCATION'}, {'text': 'prairie dog', 'value': 'OTHER'}]",[]
It was produced by Studio Ghibli for the Ghibli Museum in Mitaka.,"[{'Studio Ghibli': 'ORGANIZATION'}, {'Ghibli Museum': 'BUILDING'}, {'Mitaka': 'LOCATION'}]",[],"[{'text': 'Studio Ghibli', 'value': 'ORGANIZATION'}, {'text': 'Ghibli Museum', 'value': 'BUILDING'}, {'text': 'Mitaka', 'value': 'LOCATION'}]",[]
The two campgrounds at Lake Camanche are operated by the California Parks Company.,"[{'Lake Camanche': 'LOCATION'}, {'California Parks Company': 'ORGANIZATION'}]",[],"[{'text': 'Lake Camanche', 'value': 'LOCATION'}, {'text': 'California Parks Company', 'value': 'ORGANIZATION'}]",[]
The Circinus Galaxy (ESO 97-G13) is a Seyfert galaxy in the constellation of Circinus.,"[{'Circinus Galaxy': 'OTHER'}, {'ESO 97-G13': 'OTHER'}, {'Circinus': 'OTHER'}]",[],"[{'text': 'Circinus Galaxy', 'value': 'OTHER'}, {'text': 'ESO 97-G13', 'value': 'OTHER'}, {'text': 'Circinus', 'value': 'LOCATION'}]",[]
``Chances`` was featured during the end credits of the hit film ``The Blind Side``.,"[{'Chances': 'ART'}, {'The Blind Side': 'ART'}]",[],"[{'text': 'Chances', 'value': 'ART'}, {'text': 'The Blind Side', 'value': 'ART'}]",[]
"In 1908, Tintle began his professional career with the Harrison Alley Boys.","[{'Tintle': 'PERSON'}, {'Harrison Alley Boys': 'ORGANIZATION'}]",[],"[{'text': 'Tintle', 'value': 'PERSON'}, {'text': 'Harrison Alley Boys', 'value': 'ORGANIZATION'}]",[]
"In 2001, Red Robin opened in the Lord & amp ; Taylor wing and The Cheesecake Factory opened in the JCPenney wing.","[{'Red Robin': 'BUILDING'}, {'Lord & amp ; Taylor': 'BUILDING'}, {'Cheesecake Factory': 'BUILDING'}, {'JCPenney': 'BUILDING'}]",[],"[
  {'text': 'Red Robin', 'value': 'ORGANIZATION'},
  {'text': 'Lord & Taylor wing', 'value': 'BUILDING'},
  {'text': 'The Cheesecake Factory', 'value': 'ORGANIZATION'},
  {'text': 'JCPenney wing', 'value': 'BUILDING'}
]",[]
"She commented about the staging: ``[ It ] will revolve around the art, dance and energy of rock and roll''.",[],[],"[{'text': 'rock and roll', 'value': 'OTHER'}]",[]
"Pat Gillick retired as general manager after the 2008 season and was succeeded by one of his assistants, Rub\u00e9n Amaro, Jr. After adding outfielder Ra\u00fal Iba\u00f1ez to replace the departed Pat Burrell, the Phillies retained the majority of their core players for the 2009 season.","[{'Pat Gillick': 'PERSON'}, {'Rub\\u00e9n Amaro, Jr.': 'PERSON'}, {'Ra\\u00fal Iba\\u00f1ez': 'PERSON'}, {'Pat Burrell': 'PERSON'}, {'Phillies': 'ORGANIZATION'}]",[],"[{'text': 'Pat Gillick', 'value': 'PERSON'}, {'text': 'Rubén Amaro, Jr.', 'value': 'PERSON'}, {'text': 'Raúl Ibañez', 'value': 'PERSON'}, {'text': 'Pat Burrell', 'value': 'PERSON'}, {'text': 'Phillies', 'value': 'ORGANIZATION'}]",[]
The Rolls-Royce Spey (company designations RB.163 and RB.168 and RB.183) is a low-bypass turbofan engine originally designed and manufactured by Rolls-Royce that has been in widespread service for over 40 years.,"[{'Rolls-Royce Spey': 'PRODUCT'}, {'RB.163': 'PRODUCT'}, {'RB.168': 'PRODUCT'}, {'RB.183': 'PRODUCT'}, {'Rolls-Royce': 'ORGANIZATION'}]",[],"[{'text': 'Rolls-Royce', 'value': 'ORGANIZATION'}, {'text': 'Spey', 'value': 'PRODUCT'}, {'text': 'RB.163', 'value': 'PRODUCT'}, {'text': 'RB.168', 'value': 'PRODUCT'}, {'text': 'RB.183', 'value': 'PRODUCT'}]",[]
"LaCroix, a Canadian merchant, and his wife Mary, ``n\u00e9e'' Hopkins, from Virginia.","[{'Canadian': 'LOCATION'}, {'Mary': 'PERSON'}, {'Hopkins': 'PERSON'}, {'Virginia': 'LOCATION'}]",[],"[{'text': 'LaCroix', 'value': 'PERSON'}, {'text': 'Mary', 'value': 'PERSON'}, {'text': 'Hopkins', 'value': 'PERSON'}, {'text': 'Virginia', 'value': 'LOCATION'}]",[]
The Mets cut the lead to 4\u20133 in the eighth when Mora reached on third baseman Jones's error and scored on Edgardo Alfonso's double.,"[{'The Mets': 'ORGANIZATION'}, {'Mora': 'PERSON'}, {'Jones': 'PERSON'}, {'Edgardo Alfonso': 'PERSON'}]",[],"[{'text': 'Mets', 'value': 'ORGANIZATION'}, {'text': 'Mora', 'value': 'PERSON'}, {'text': 'Jones', 'value': 'PERSON'}, {'text': 'Edgardo Alfonso', 'value': 'PERSON'}]",[]
"In May 1956 he returned to live in Hamburg, Germany, where he received treatment at the University Medical Center Hamburg-Eppendorf.","[{'Hamburg': 'LOCATION'}, {'Germany': 'LOCATION'}, {'University Medical Center Hamburg-Eppendorf': 'BUILDING'}]",[],"[
    {'text': 'Hamburg', 'value': 'LOCATION'},
    {'text': 'Germany', 'value': 'LOCATION'},
    {'text': 'University Medical Center Hamburg-Eppendorf', 'value': 'ORGANIZATION'}
]",[]
It has been missing since 1969 when it was stolen from the Oratory of Saint Lawrence in Palermo.,"[{'Oratory of Saint Lawrence': 'BUILDING'}, {'Palermo': 'LOCATION'}]",[],"[{'text': 'Oratory of Saint Lawrence', 'value': 'BUILDING'}, {'text': 'Palermo', 'value': 'LOCATION'}]",[]
Gunnbj\u00f8rn Fjeld exceeds of topographic prominence.,[{'Gunnbj\\u00f8rn Fjeld': 'LOCATION'}],[],"[{'text': 'Gunnbjørn Fjeld', 'value': 'LOCATION'}]",[]
He graduated from both Marietta College (1938) and The Ohio State University Moritz College of Law (1942).,"[{'Marietta College': 'ORGANIZATION'}, {'Ohio State University Moritz College of Law': 'ORGANIZATION'}]",[],"[{'text': 'Marietta College', 'value': 'ORGANIZATION'}, {'text': 'The Ohio State University Moritz College of Law', 'value': 'ORGANIZATION'}]",[]
"This is alongside bass guitars in the Mustang, Jaguar, Jazz and Precision models.","[{'Mustang': 'PRODUCT'}, {'Jaguar': 'PRODUCT'}, {'Jazz': 'PRODUCT'}, {'Precision': 'PRODUCT'}]",[],"[{'text': 'Mustang', 'value': 'PRODUCT'}, {'text': 'Jaguar', 'value': 'PRODUCT'}, {'text': 'Jazz', 'value': 'PRODUCT'}, {'text': 'Precision', 'value': 'PRODUCT'}]",[]
Chief Supt.,[],[],"[{'text': 'Chief Supt.', 'value': 'OTHER'}]",[]
"At the time Chan was arrested, he was carrying three mobile phones and a boarding pass.",[{'Chan': 'PERSON'}],[],"[{'text': 'Chan', 'value': 'PERSON'}]",[]
"By 1968 the holding company which Desmarais had acquired three years earlier, Trans-Canada Corporation Fund (TCCF), owned the bus line Provincial Transport, an interest in Toronto -based Imperial Life Assurance and Gesca Lt\u00e9e, (which had an interest in the Montreal paper La Presse).","[{'Desmarais': 'PERSON'}, {'Trans-Canada Corporation Fund': 'ORGANIZATION'}, {'TCCF': 'ORGANIZATION'}, {'Provincial Transport': 'ORGANIZATION'}, {'Toronto': 'LOCATION'}, {'Imperial Life Assurance': 'ORGANIZATION'}, {'Gesca Lt\\u00e9e': 'ORGANIZATION'}, {'Montreal': 'LOCATION'}, {'La Presse': 'ORGANIZATION'}]",[],"[{'text': 'Desmarais', 'value': 'PERSON'}, {'text': 'Trans-Canada Corporation Fund (TCCF)', 'value': 'ORGANIZATION'}, {'text': 'Provincial Transport', 'value': 'ORGANIZATION'}, {'text': 'Toronto', 'value': 'LOCATION'}, {'text': 'Imperial Life Assurance', 'value': 'ORGANIZATION'}, {'text': 'Gesca Lt\u00e9e', 'value': 'ORGANIZATION'}, {'text': 'Montreal', 'value': 'LOCATION'}, {'text': 'La Presse', 'value': 'PRODUCT'}]",[]
The furious barrage devastated the British soldiers at the wall and the breach soon began to fill with dead and wounded over whom the storming troops had to struggle.,[{'British': 'LOCATION'}],[],[],[]
"McLaren's book of his own street photography, ``The Crash`` (2018), documents the City of London after the financial crisis of 2007\u20132008, made over five years.","[{'McLaren': 'PERSON'}, {'The Crash': 'ART'}, {'City of London': 'LOCATION'}]",[],"[{'text': 'McLaren', 'value': 'PERSON'}, {'text': 'The Crash', 'value': 'ART'}, {'text': 'City of London', 'value': 'LOCATION'}, {'text': 'financial crisis of 2007–2008', 'value': 'EVENT'}]",[]
Cron is a mechanism for creating and running recurrent tasks in background.,[{'Cron': 'PRODUCT'}],[],"[{'text': 'Cron', 'value': 'PRODUCT'}]",[]
"Eduard attended Gymnasium Stubenbastei in Vienna, completing with Matura in 1918, and graduated as ``Diplomingenieur`` from the Electrical Engineering department","[{'Eduard': 'PERSON'}, {'Gymnasium Stubenbastei': 'ORGANIZATION'}, {'Vienna': 'LOCATION'}, {'Diplomingenieur': 'OTHER'}]",[],"[{'text': 'Gymnasium Stubenbastei', 'value': 'BUILDING'}, {'text': 'Vienna', 'value': 'LOCATION'}, {'text': 'Matura', 'value': 'EVENT'}, {'text': 'Diplomingenieur', 'value': 'OTHER'}, {'text': 'Electrical Engineering department', 'value': 'ORGANIZATION'}]",[]
"Chekhov's own text, which despite a running time of about five hours he never thought of as finished, is seldom played.",[{'Chekhov': 'PERSON'}],[],"[{'text': 'Chekhov', 'value': 'PERSON'}]",[]
"Modifications included additional cockpit windows, and 245-horsepower Jacobs R-755-9 engines.",[{'Jacobs R-755-9': 'PRODUCT'}],[],"[{'text': 'Jacobs', 'value': 'ORGANIZATION'}, {'text': 'R-755-9', 'value': 'PRODUCT'}]",[]
"The first African woman to be assigned by Agence France Presse in 2017, she continued to work for the agency as a stringer while also working on assignments for various international publications and organisations.","[{'African': 'LOCATION'}, {'Agence France Presse': 'ORGANIZATION'}]",[{'Agence France Presse': 'ORGANIZATION'}],"[
  {""text"": ""Agence France Presse"", ""value"": ""ORGANIZATION""}
]",[{'Agence France Presse': 'ORGANIZATION'}]
